tweet,attachement,analysis
good night im #stressed xx,[],"[{'reply': '@tobesocharly goodnightt', 'classification': '{""prediction"":""Positive"",""Probability"":""0.34""}'}, {'reply': '@tobesocharly goodnight, sleep well and see you in a few hours&lt;3', 'classification': '{""prediction"":""Positive"",""Probability"":""0.27""}'}, {'reply': '@sweetdayIight cries yes i will &lt;33', 'classification': '{""prediction"":""Positive"",""Probability"":""0.39""}'}, {'reply': '@sweetdayIight i love you too sleep well mwahh', 'classification': '{""prediction"":""Positive"",""Probability"":""0.02""}'}, {'reply': '@tobesocharly if u need to talk about it text me &lt;3', 'classification': '{""prediction"":""Neutral"",""Probability"":""0.13""}'}, {'reply': '@tobesocharly goodnight i love you', 'classification': '{""prediction"":""Positive"",""Probability"":""0.03""}'}]"
"I have another flight tomorrow.. would you help me relieve some stress? üíãüíãüíã

#nsfwtwt #nsfw #horny #stressed #nsfwtwtÔæü https://t.co/aJqbT98oFw","['https://pbs.twimg.com/media/FVJ17t-WUAAu8ro.jpg - 1024x803 - Alt: None', 'https://pbs.twimg.com/media/FVJ18DWWUAI77o8.jpg - 1024x919 - Alt: None']","[{'reply': '@ChomperKat Sure. Just tell me what I can do üòå', 'classification': '{""prediction"":""Positive"",""Probability"":""0.37""}'}, {'reply': '@ChomperKat Sure! :)', 'classification': '{""prediction"":""Positive"",""Probability"":""0.34""}'}]"
"This life has really beaten me down and now I'm hopeful it's going to change but I need your help. 

Life isn't supposed to be nothing but pain and suffering, but for a long time that's almost all I've had. 

#life #anxiety #stressed #alone",[],"[{'reply': '@WorkerUnityNow You are so welcome! Literally!  :)', 'classification': '{""prediction"":""Positive"",""Probability"":""0.00""}'}, {'reply': '@myfiVeApp Thank you ‚ù§Ô∏è', 'classification': '{""prediction"":""Positive"",""Probability"":""0.34""}'}, {'reply': ""@WorkerUnityNow You're not alone! We don't want you to feel that way. We made an app that allows you to find the top 5 people most like you wherever you go and we'd love for you to join our community!\n\nDM with any Q's!\n\nIOS:  https://t.co/DM2bXJh0DV\n\nAndroid: https://t.co/86MylpD88F"", 'classification': '{""prediction"":""Positive"",""Probability"":""0.02""}'}]"
Home alone and I can‚Äôt find my üåπ! #Stressed üòÇüòÇüòÇ,[],"[{'reply': '@MzFireworks üòÆ\u200düí®üôåüèº‚ò∫Ô∏èüòÇ', 'classification': '{""prediction"":""Positive"",""Probability"":""0.34""}'}, {'reply': '@tarayoung_26 AyeeeeeeüòÇüò≠ https://t.co/yipssbeXNF', 'classification': '{""prediction"":""Neutral"",""Probability"":""0.18""}'}, {'reply': '@MzFireworks Just charged minesüó£üéâüòÇüòÇüòÇ', 'classification': '{""prediction"":""Neutral"",""Probability"":""0.14""}'}]"
"üö®Hoping for a good day. I've got so much that needs to get done but can't do it without some help. My life is mostly unbearable and I need help. Please help me. Goal200

#help #stressed #hope #Donation

https://t.co/l9nqZldVpl
Venmo: Dennis-M-3 
Paypal:dennishrh88@gmail.com",[],"[{'reply': ""I've got to raise this money by noon. Hopefully moving this week, but need help to do so. Please Share my plea for help. \n\n@FernandAubry @CarolynUrban2 @PaulSorrentino3 @ripkin @ASnactivist @s4dsqu1dman @comradebirb @GotBeachGlass @Comrade_Aoife @TheComradeFist"", 'classification': '{""prediction"":""Positive"",""Probability"":""0.35""}'}]"
"""I was under pressure"" is not an excuse for toxic #behavior. 

Being #stressed doesn't justify #hostility.
It's not your #Responsibility to absorb their pain. 

Being busy doesn't license incivility.
No one's calendar is too full to be #respectful

Acts of #Kindness cost nothing",[],"[{'reply': '@Meeracle_eth You sef collect üé§üéôüé§üéôüîäüîäüîäüì¢üì¢', 'classification': '{""prediction"":""Positive"",""Probability"":""0.25""}'}]"
getting my results td but idk at what time so im gonna be #stressed all dayüòî,[],"[{'reply': '@KaweecheIchen real creative', 'classification': '{""prediction"":""Positive"",""Probability"":""0.00""}'}, {'reply': '@panicatheworId thank u aang ur so real\U0001faf6', 'classification': '{""prediction"":""Positive"",""Probability"":""0.02""}'}, {'reply': ""@KIEUMYSALEX that's so real but I'll be rooting for you my prayers WILL change the universe in case it's needed amen"", 'classification': '{""prediction"":""Positive"",""Probability"":""0.07""}'}]"
@TicketmasterUK @Ticketmaster  URGENT help!! I have an event tonight - I can‚Äôt get the tickets. O2 app won‚Äôt recognise my email and password. Your chat box on website not working. I have sent a message on weekend no reply. #stressed,[],"[{'reply': '@Crissieamg Please see DM. Thanks!', 'classification': '{""prediction"":""Positive"",""Probability"":""0.34""}'}]"
"This weekend @nirne had a nightmare of being in a plane crash. So what does she do?

She has spent Sunday night watching an Amelia erhardt and Sully documentary #stressed https://t.co/EHRLHVvXah",['None - 338x498 - Alt: None'],"[{'reply': '@sarkissmith \U0001fae0', 'classification': '{""prediction"":""Positive"",""Probability"":""0.34""}'}]"
"I never post pics but I guess it's time to put a face to my dumb ass twitter 
#Zildjian #drums #stressed #ILLEGALimmigrants https://t.co/fN8oYyllPd",['https://pbs.twimg.com/media/FVFjHi_WYAAQavI.jpg - 1365x2048 - Alt: None'],"[{'reply': '@WTr8sh Anything for you zaddy üò´', 'classification': '{""prediction"":""Positive"",""Probability"":""0.34""}'}, {'reply': '@Chandler_Cahill Thanks daddy üñ§üñ§üñ§', 'classification': '{""prediction"":""Neutral"",""Probability"":""0.16""}'}, {'reply': '@WTr8sh God you‚Äôre so hot', 'classification': '{""prediction"":""Positive"",""Probability"":""0.02""}'}]"
I need to smoke. #weed. #stressed.,[],"[{'reply': '@Cuz_I_Was_High Bet', 'classification': '{""prediction"":""Positive"",""Probability"":""0.34""}'}, {'reply': '@FranoisLaporte Thanks man', 'classification': '{""prediction"":""Positive"",""Probability"":""0.25""}'}, {'reply': '@Cuz_I_Was_High Text liljah58 on IG they‚Äôre reliable', 'classification': '{""prediction"":""Positive"",""Probability"":""0.27""}'}, {'reply': '@Cuz_I_Was_High Am in ma room weeding and feeling like the most high', 'classification': '{""prediction"":""Positive"",""Probability"":""0.00""}'}, {'reply': '@Cuz_I_Was_High https://t.co/IOVnyMMz05', 'classification': '{""prediction"":""Neutral"",""Probability"":""0.18""}'}, {'reply': '@Cuz_I_Was_High Dm directly or Snapchat:@brettalvine', 'classification': '{""prediction"":""Positive"",""Probability"":""0.02""}'}, {'reply': '@Cuz_I_Was_High https://t.co/qDR69aLvgl', 'classification': '{""prediction"":""Neutral"",""Probability"":""0.18""}'}]"
I just wanna be able to write my articles again. Can you go read my stuff and validate me until I stop working 24/7? Link in profile.  #WritingCommunity #writers #blog #blogging #politics #political #writerslift #stressed #mediumwriters #writersoftwitter,[],"[{'reply': '@colinhwray How can we address gun violence in America? Would Jesus approve of the National Rifle Association? Link below üëá\n\n#GunControlNow #GunViolencePrevention #ProtectingOurKidsAct #BanAssaultWeaponsNow #MarchForOurLivesJune11 #EndGunViolence #MarchForOurLives\n\nhttps://t.co/u5Ed7xs9q8', 'classification': '{""prediction"":""Neutral"",""Probability"":""0.14""}'}]"
I really wish this headache would fuck off ! Ugh üò© #stressed https://t.co/iYVBvyCiBI,['None - 480x480 - Alt: None'],"[{'reply': '@Carmel311710 ‚ù§Ô∏è', 'classification': '{""prediction"":""Positive"",""Probability"":""0.34""}'}, {'reply': '@daveyb0072 Thanks Dave', 'classification': '{""prediction"":""Positive"",""Probability"":""0.34""}'}, {'reply': ""@Carmel311710 Take csre Carmel, I hope life calms down for you soon, get some sleep,I'm hoping you feel better quickly!"", 'classification': '{""prediction"":""Positive"",""Probability"":""0.00""}'}, {'reply': '@Carmel311710 Thanks, you too.', 'classification': '{""prediction"":""Positive"",""Probability"":""0.34""}'}, {'reply': '@donnahot4Gaz Hope you feel better soon Donna', 'classification': '{""prediction"":""Positive"",""Probability"":""0.01""}'}, {'reply': '@daveyb0072 Not too often thankfully, just had a few stressful things here to deal with so I wasn‚Äôt sleeping which had me tired and brought on the headaches. Few good nights and I‚Äôll be fine , thanks Dave ü§ó', 'classification': '{""prediction"":""Positive"",""Probability"":""0.00""}'}, {'reply': '@Carmel311710 Sorry to hear Carmel do you get them often?', 'classification': '{""prediction"":""Positive"",""Probability"":""0.28""}'}, {'reply': '@Carmel311710 I‚Äôve had one too. Think it‚Äôs partly sinus issues from allergies‚Ä¶', 'classification': '{""prediction"":""Positive"",""Probability"":""0.36""}'}, {'reply': '@Carmel311710 You too', 'classification': '{""prediction"":""Positive"",""Probability"":""0.34""}'}, {'reply': '@JeffFarkas10 Thanks Jeff , I won‚Äôt be on here much today either until this headache packs it‚Äôs bags lol , have a great day ü§ó', 'classification': '{""prediction"":""Positive"",""Probability"":""0.00""}'}]"
Please help @notonthehighst I ordered an item 31/5 expected 4/6 no sign of it and no reply from the seller @suzieleeknits #stressed #chisteninggift https://t.co/W1E14uC83F,['None - 398x498 - Alt: None'],"[{'reply': '@ChelBowPhill @notonthehighst @suzieleeknits Hello Chel, thank you for getting in touch. I am sorry to hear that you have yet to receive your order. Please send us a direct message or email us at info@notonthehighstreet.com stating your order number and we can look into this further for you. Best wishes, Fiona', 'classification': '{""prediction"":""Positive"",""Probability"":""0.00""}'}]"
"Viewing A Romantic Partner‚Äôs Picture Reduces Stress.

#psychologyfact #stressed #mindsjournal #themindsjournal https://t.co/cUyhLRDxfM",['https://pbs.twimg.com/media/FU4iCPuUsAAjaL2.png - 700x700 - Alt: None'],"[{'reply': ""@AnikaTHoque @TheMindsJournal But SRK is not her romantic partner. He is gauri khan's."", 'classification': '{""prediction"":""Negative"",""Probability"":""0.28""}'}, {'reply': '@TheMindsJournal @iFarinablog_30', 'classification': '{""prediction"":""Positive"",""Probability"":""0.34""}'}, {'reply': '@TheMindsJournal Is this how you feel about Shahrukh Khan?', 'classification': '{""prediction"":""Positive"",""Probability"":""0.17""}'}]"
Healing Music with Beautiful Landscapes - 528 Hz Music https://t.co/zT8pXuHkvq #calm #relaxing #meditation #CALM #relaxation #sleep #Vegan #nature  #NaturePhotography #yoga #InSomnia #stress #stressrelief #stressed https://t.co/oZmKdAd255,['None - 2160x2160 - Alt: None'],"[{'reply': '@TreeOfLife_Vid Instant follow back\nüëâ @21Mayking üíØ', 'classification': '{""prediction"":""Positive"",""Probability"":""0.31""}'}, {'reply': '@TreeOfLife_Vid @navsurani', 'classification': '{""prediction"":""Positive"",""Probability"":""0.34""}'}, {'reply': '@TreeOfLife_Vid @JaphetZuma', 'classification': '{""prediction"":""Positive"",""Probability"":""0.34""}'}]"
"Trying to figure out where to travel to and when, considering I have to change an Easyjet flight I have booked.
Any suggestions? Unfortunately Easyjet only flies to a few places from Madrid, so I am between London (Gatwick), Liverpool or Edinburgh again. #stressed #onlyhave2weeks",[],"[{'reply': ""@lismichelle Well... I feel like I need to go to Madrid so I can join you on any trip! :) lol I love London, it's always fun to visit! I haven't been to the other 2 :( but want to visit them soooo bad!!!"", 'classification': '{""prediction"":""Positive"",""Probability"":""0.00""}'}]"
"Former #Brazilian #President #stressed that the #Palestinian #people have the #right to #live in a ""#free and #sovereign #state"", 

#Palestine 
#USOfficeofPalestinianAffairs https://t.co/Ysu3yEPowD",[],"[{'reply': ""adding that he will #work to reestablish the #leading role of Brazilian #ForeignPolicy  in the #mediation of #conflicts and of #peoples' #right to #defend themselves."", 'classification': '{""prediction"":""Positive"",""Probability"":""0.37""}'}]"
#STRESSED ! Wish me luck. https://t.co/vsEpnuLlbT,['https://pbs.twimg.com/media/FU9VF6KXwAANnPi.jpg - 2048x1146 - Alt: None'],"[{'reply': '@MooniMondschein Thank you mooniiiii ‚ô•Ô∏èü•∞', 'classification': '{""prediction"":""Positive"",""Probability"":""0.34""}'}, {'reply': '@patpranbestbfs Thank youuu ü•∫ü•∞', 'classification': '{""prediction"":""Positive"",""Probability"":""0.34""}'}, {'reply': '@MrsKorapat ü§üüèºüòâ https://t.co/wnUDs9r2S9', 'classification': '{""prediction"":""Neutral"",""Probability"":""0.18""}'}, {'reply': '@MrsKorapat Good luck Mel u can do it and u are sooo pretty üò≥', 'classification': '{""prediction"":""Positive"",""Probability"":""0.00""}'}]"
"@HDFCBank_Cares @HDFC_Bank #stressed #hdfcbank #note #timewast #credit not able to use this what kind of service is this tell me how it is possible we pay card fee qe do all hut while serving us the #CustomerService 
No proper response #emails but no response from your end https://t.co/VyeS1CXUhM","['https://pbs.twimg.com/media/FU8LHhtaIAAGVyI.jpg - 2048x945 - Alt: None', 'https://pbs.twimg.com/media/FU8LH_-akAAu9FL.jpg - 2048x945 - Alt: None']","[{'reply': '@HDFCBank_Cares More then 12 hours over u have not solved the issue', 'classification': '{""prediction"":""Positive"",""Probability"":""0.24""}'}, {'reply': ""@HDFCBank_Cares Still the same from different browser also sane what kind of service is this i don't understand @HDFC_Bank @HDFCLIFE https://t.co/SlYSc9T4ed"", 'classification': '{""prediction"":""Positive"",""Probability"":""0.03""}'}, {'reply': '@HDFCBank_Cares I did the same more than 5 times but same issue showing', 'classification': '{""prediction"":""Positive"",""Probability"":""0.21""}'}, {'reply': '@AbhiBeardoo Hi, we regret for any inconvenience caused. We note that insta card is not working. We request you to clear the temporary files, cookies and cache files and try again. Also, we suggest you to try in different browsers. -Varun', 'classification': '{""prediction"":""Positive"",""Probability"":""0.01""}'}, {'reply': '@HDFCBank_Cares I have not got any updates from your end @HDFC_Bank @HDFCLIFE @hdfcsec', 'classification': '{""prediction"":""Positive"",""Probability"":""0.40""}'}, {'reply': '@HDFCBank_Cares More how much time kindly let me know', 'classification': '{""prediction"":""Positive"",""Probability"":""0.00""}'}, {'reply': '@AbhiBeardoo Hi, thank you for sharing the details. I will ensure that it is taken up promptly. -Varun', 'classification': '{""prediction"":""Positive"",""Probability"":""0.44""}'}, {'reply': '@HDFCBank_Cares I have Send you in DM kindly check', 'classification': '{""prediction"":""Positive"",""Probability"":""0.01""}'}, {'reply': '@AbhiBeardoo the details on Public Forum and only in the DM. -Manoj https://t.co/dQJRt1zIHU', 'classification': '{""prediction"":""Neutral"",""Probability"":""0.18""}'}, {'reply': ""@AbhiBeardoo Hi, we'll certainly look into this for you. Kindly DM us the Card Application No., along with the mobile number &amp; email ID for further assistance. All the details you provide will remain confidential and only be visible to HDFC Bank Admin. Also, we would request you to not post"", 'classification': '{""prediction"":""Positive"",""Probability"":""0.01""}'}]"
Relaxing Sleep Music with Rain Sounds HD&gt;&gt; https://t.co/tjRIlmKhzd #rain #CALM #relaxation #sleep #Vegan #nature  #NaturePhotography #yoga #InSomnia #stress #stressrelief #stressed #stressmanagement #forest #forests @VeganFollowers @GainWithSam #water https://t.co/PVlId7G8Np,['None - 2160x3840 - Alt: None'],"[{'reply': 'üå¥üå¥üå¥üå¥üå¥üå¥üå¥üå¥üå¥üå¥üå¥üå¥', 'classification': '{""prediction"":""Positive"",""Probability"":""0.34""}'}]"
Worst thing about losing an IG 4 me is the looooong list of potential models that i lose in the processüò© #STRESSED,[],"[{'reply': '@TheDestinysToes @wgtfent @Footacular1 This is why I keep screenshots &amp; use the notes app ‚òùüèæ', 'classification': '{""prediction"":""Neutral"",""Probability"":""0.30""}'}, {'reply': '@wgtfent @Footacular1 We got violated wayyy too many times for really dumb shit after that we just decided a Twitter it is', 'classification': '{""prediction"":""Negative"",""Probability"":""0.30""}'}, {'reply': '@TheDestinysToes @Footacular1 I‚Äôm never gonna put my all into IG like back in the day but i don‚Äôt think i could fully dead the platform. It‚Äôs just too popular üò©', 'classification': '{""prediction"":""Positive"",""Probability"":""0.00""}'}, {'reply': '@Footacular1 @wgtfent Amen! We started late w twitter and lost IG THREE TIMES!', 'classification': '{""prediction"":""Negative"",""Probability"":""0.29""}'}, {'reply': '@wgtfent Yea! Everyone just don‚Äôt fuck wit Twitter like that. But I can‚Äôt play those IG games no more ü§¶üèΩ\u200d‚ôÇÔ∏è', 'classification': '{""prediction"":""Negative"",""Probability"":""0.43""}'}]"
i am #stressed besties,[],"[{'reply': '@vincentsIove WHY‚ÄºÔ∏è', 'classification': '{""prediction"":""Positive"",""Probability"":""0.34""}'}]"
Studying for finals! #finals #stressed #URC @LeFortniteW https://t.co/WA4TnK22bE,['None - 854x640 - Alt: None'],"[{'reply': '@a_marangiello who tf is this bum', 'classification': '{""prediction"":""Negative"",""Probability"":""0.36""}'}, {'reply': '@a_marangiello @LeFortniteW Look at my son. So proud of him!!!üòá', 'classification': '{""prediction"":""Positive"",""Probability"":""0.01""}'}]"
just another day of me wanting to quit my jobs and drop out of school and just like run a coffee shop or something #stressed,[],"[{'reply': '@complaingel Wow that is truly the dream', 'classification': '{""prediction"":""Positive"",""Probability"":""0.15""}'}, {'reply': '@jilly_bby We can open one together if you want cuz I‚Äôm right there with you', 'classification': '{""prediction"":""Positive"",""Probability"":""0.00""}'}, {'reply': '@jilly_bby i want to own and operate the bar from its always sunny with my closest friends but society won‚Äôt accept that üòî', 'classification': '{""prediction"":""Positive"",""Probability"":""0.29""}'}]"
@ThreeUK customer service is so bad. All I want to do is turn off my voicemail because Three are the only people leaving me voicemails. 20 mins on hold so far and I got disconnected. #stressed,[],"[{'reply': ""@MarieMcgee66 Oh no! We're so sorry about that, Marie. That's not a great experience and we want to turn that around. Please reach out to us here: https://t.co/cpJkjb9o56. Please make sure you‚Äôre the account holder. We‚Äôre here 8am ‚Äì 8pm during the week and 9am ‚Äì 6pm at the weekend -Suzi"", 'classification': '{""prediction"":""Positive"",""Probability"":""0.00""}'}]"
very #stressed feeling #stupid,[],"[{'reply': 'https://t.co/2BlGnxH73J', 'classification': '{""prediction"":""Neutral"",""Probability"":""0.18""}'}]"
I shouldn't be made to feel like shit just cos I asked u to do something üòï  #stressed #notfair #fucklife,[],"[{'reply': '@hatreenax Its a case of having to be ok but thank you xxx', 'classification': '{""prediction"":""Positive"",""Probability"":""0.24""}'}, {'reply': '@pooliechick Aww hope your doing ok ‚ù§Ô∏è‚ù§Ô∏è‚ù§Ô∏è', 'classification': '{""prediction"":""Positive"",""Probability"":""0.30""}'}]"
With your last $50 would you put it into Luna Classic or would you buy groceries?                                   #lunaClassic #lunc #luncburn #dirtpoor #stressed,[],"[{'reply': ""@halfwaythere_1 @1LUNCarmy If you only have 50 dollars left, I won't invest it in #LUNC ."", 'classification': '{""prediction"":""Positive"",""Probability"":""0.27""}'}, {'reply': '@bwww77 @1LUNCarmy I guess the question should be, would you put $50 into lunc? If the burn rate is as predicted that $50 could turn into $690,000.', 'classification': '{""prediction"":""Positive"",""Probability"":""0.33""}'}, {'reply': '@bwww77 @1LUNCarmy @halfwaythere_1 https://t.co/QwD35Lb15v', 'classification': '{""prediction"":""Neutral"",""Probability"":""0.18""}'}, {'reply': '@1LUNCarmy @halfwaythere_1 #Luna is a very good example. Most people who invested all their money ended up jumping off the building.', 'classification': '{""prediction"":""Positive"",""Probability"":""0.34""}'}, {'reply': ""@halfwaythere_1 Never put your last money into #cryptocurrency whether it's #lunc #BTC or anything! Only put in what you can afford! ü§ô"", 'classification': '{""prediction"":""Positive"",""Probability"":""0.22""}'}]"
"Crypto got you #stressed ? Try listening to relaxing rain sounds

#btc #xrp #Cardano  #luna #terraluna #bitcoin #eth

https://t.co/pswXy5cjb1",[],"[{'reply': '@Relaxy_Taxi üöÄ SHIBA MOVE RUN üöÄ\nüî∞Spywolf | Pinksale | InterFi Network KYC\nüîêSpywolf Audit\n‚úÖSC:75 BNB - HC:150 BNB‚úÖ\nüïíPresale: https://t.co/CgjKdEMvhE\n\n07/06 15:00 (UTC) ~ 08/06 15:00 (UTC)\n$SMR: 0xeb48b42331F4C5D4458DD1c077E897dFFcb691b8 \nhttps://t.co/PaZlawg1nu', 'classification': '{""prediction"":""Neutral"",""Probability"":""0.15""}'}]"
"Crypto got you #stressed ? Try listening to relaxing rain sounds

#btc #xrp #xlm #luna #terraluna #bitcoin #dogecoin

https://t.co/pswXy5cjb1",[],"[{'reply': '@Relaxy_Taxi üöÄ SHIBA MOVE RUN üöÄ\nüî∞Spywolf | Pinksale | InterFi Network KYC\nüîêSpywolf Audit\n‚úÖSC:75 BNB - HC:150 BNB‚úÖ\nüïíPresale: https://t.co/CgjKdEMvhE\n\n07/06 15:00 (UTC) ~ 08/06 15:00 (UTC)\n$SMR: 0xeb48b42331F4C5D4458DD1c077E897dFFcb691b8 \nhttps://t.co/PaZlawg1nu', 'classification': '{""prediction"":""Neutral"",""Probability"":""0.15""}'}]"
@FortniteGame please fix this ‚Äúfriend request accepted‚Äù bug that happens every time we log into the game. #stressed #Fortnite #FortniteVibin,[],"[{'reply': ""@ScottyWantsToNo @FortniteGame Yeah its really hard to vibe when you're getting constant pop ups every time you boot up the game going through your entire friend list. #vibekiller"", 'classification': '{""prediction"":""Negative"",""Probability"":""0.25""}'}]"
More than a little delirious today. My last day in California for a while. #moving #tired #stressed,[],"[{'reply': '@pianotm26 Thank you, Thomas!', 'classification': '{""prediction"":""Positive"",""Probability"":""0.34""}'}, {'reply': '@schiekapedia Wishing you all the best in your journey down the highway!', 'classification': '{""prediction"":""Positive"",""Probability"":""0.01""}'}, {'reply': '@DonCardenasArt Thanks very much!', 'classification': '{""prediction"":""Positive"",""Probability"":""0.34""}'}, {'reply': '@schiekapedia Take care and good luck!', 'classification': '{""prediction"":""Positive"",""Probability"":""0.00""}'}, {'reply': '@LazyHorde Thank you!', 'classification': '{""prediction"":""Positive"",""Probability"":""0.34""}'}, {'reply': '@schiekapedia Good luck!!', 'classification': '{""prediction"":""Positive"",""Probability"":""0.08""}'}]"
When you literally get 11 minutes from the time your finger presses the button on the first image to get around several levels and places with cameras and lights at sjp till you take the last shot‚Ä¶ #stressed but got the job done in record time! Welcome back @Mattytargett https://t.co/srmEUQJx5K,"['https://pbs.twimg.com/media/FUvg-iCWUAAxnfy.jpg - 1348x2048 - Alt: None', 'https://pbs.twimg.com/media/FUvg-iDXoAEaWY5.jpg - 1204x2048 - Alt: None', 'https://pbs.twimg.com/media/FUvg-iVXsAIZLgX.jpg - 1306x2048 - Alt: None', 'https://pbs.twimg.com/media/FUvg-n5XoAg0xTS.jpg - 1426x2048 - Alt: None']","[{'reply': '@iamserenataylor @Mattytargett Ahhh fairs.  I meant it in  a positive way suggesting maybe your team had grown or some stuff had been updated to help you kind of thing.  Maybe just the other departments are now a tad more professional lol.', 'classification': '{""prediction"":""Positive"",""Probability"":""0.00""}'}, {'reply': '@deezamc79 @Mattytargett And it got delayed‚Ä¶  I could‚Äôve had at least 2 more minutes with 4 more backdrops‚Ä¶ ü§£ü§£', 'classification': '{""prediction"":""Positive"",""Probability"":""0.37""}'}, {'reply': '@cjlow_ @Mattytargett It doesn‚Äôt take so long for the media side to be done and never has. It‚Äôs not held up by media related duties. Our department and everyone in it have always been professional and we are not doing anything we never already did before. Just saying. üòä', 'classification': '{""prediction"":""Negative"",""Probability"":""0.34""}'}, {'reply': '@iamserenataylor @Mattytargett You have just photo shopped Targett over Dan Ashworth üò≠üò≠üòÇ', 'classification': '{""prediction"":""Neutral"",""Probability"":""0.13""}'}, {'reply': '@iamserenataylor @MitchT1998 @Mattytargett Great work Serena ...keep it up plenty more to do this summer I reckon', 'classification': '{""prediction"":""Positive"",""Probability"":""0.15""}'}, {'reply': '@iamserenataylor @Mattytargett Loving your work! Great gig?', 'classification': '{""prediction"":""Positive"",""Probability"":""0.37""}'}, {'reply': ""@iamserenataylor @Mattytargett I love MT because he's so understated - exactly the type of personality that we should be bringing to the club as we move into phase two of the project."", 'classification': '{""prediction"":""Positive"",""Probability"":""0.00""}'}, {'reply': '@manxpie86 @iamserenataylor @Mattytargett Twats dressed like twas and Matt Targett', 'classification': '{""prediction"":""Positive"",""Probability"":""0.32""}'}, {'reply': '@iamserenataylor @Mattytargett well done :)', 'classification': '{""prediction"":""Positive"",""Probability"":""0.34""}'}, {'reply': '@iamserenataylor @Mattytargett #NUFC https://t.co/oPimcb48aG', 'classification': '{""prediction"":""Positive"",""Probability"":""0.34""}'}]"
Getting ready for thin vendor event just reminded me why i don‚Äôt do them #stressed,[],"[{'reply': '@STLStylings Next week', 'classification': '{""prediction"":""Positive"",""Probability"":""0.34""}'}, {'reply': '@AQualityMess I just saw your TikTok! When is yours? Mines is Saturday', 'classification': '{""prediction"":""Positive"",""Probability"":""0.32""}'}, {'reply': '@STLStylings Whew girl same', 'classification': '{""prediction"":""Positive"",""Probability"":""0.32""}'}]"
"Look at that, a year ago today since I paid my deposit on my @AsterGroupUK home &amp; I‚Äôve still got no move date üò≥ #delayedhousemove #Stressed #livinginlimbo #unsettled #fedup #justwanttomove https://t.co/XnKshioKEp",['https://pbs.twimg.com/media/FUvCu7MWIAITPNa.jpg - 383x750 - Alt: None'],"[{'reply': '@N1181xX What did you see on Trustpilot? I‚Äôm just exhausted from it all &amp; communication is shockingly bad! They tried to offer me ¬£500 in compensation, which doesn‚Äôt go anywhere near the cost to cover a months rent ffs!!! If I had any choice, I‚Äôd go elsewhere!', 'classification': '{""prediction"":""Negative"",""Probability"":""0.23""}'}, {'reply': '@jenstimp Oh my gosh! So sorry to hear all that, shocking! I really hope you and the kids get something sorted either way. I read some reviews on trustpilot which concerned me now this.', 'classification': '{""prediction"":""Negative"",""Probability"":""0.24""}'}, {'reply': '@N1181xX This is in Basingstoke! Just had the terrible news that Premier (the warranty company) have walked away, so no warranty sign off! I‚Äôm almost out of money for my temporary rental, that I was meant to be in for 2 months, now over 6! My kids &amp; I are almost homeless now!', 'classification': '{""prediction"":""Negative"",""Probability"":""0.02""}'}, {'reply': '@jenstimp Oh no, we‚Äôve been looking at an Aster home. Which development is this if you don‚Äôt mind me asking?', 'classification': '{""prediction"":""Positive"",""Probability"":""0.26""}'}, {'reply': '@AsterGroupUK I‚Äôm in talks with team members &amp; now on level 2 of my complaints! People need to know how long they could be delayed, so they don‚Äôt end up severely out of pocket, almost homeless, stressed beyond belief &amp; living in limbo for a year or more!', 'classification': '{""prediction"":""Positive"",""Probability"":""0.41""}'}, {'reply': '@jenstimp Hi Jen - sorry to hear this.  We understand our sales team are in communication about this but please drop us a DM if you‚Äôd like a member of the sales team to contact you.', 'classification': '{""prediction"":""Positive"",""Probability"":""0.27""}'}]"
@matalan now confirming my order was infact in stock but they still cancelled it‚Ä¶.???? I do not have time to re-order all this!! Jason Hargreaves this needs to be dealt with! #Stressed https://t.co/Pysqm1sYb7,[],"[{'reply': '@smunro1988 Hi, please send us over a DM we will be happy to help', 'classification': '{""prediction"":""Positive"",""Probability"":""0.01""}'}]"
"Look at that, a year ago today since I paid my deposit on my @AsterGroupUK home &amp; I‚Äôve still got no move date üò≥ #delayedhousemove #Stressed #livinginlimbo #unsettled #fedup #justwanttomove https://t.co/XnKshioKEp",['https://pbs.twimg.com/media/FUvCu7MWIAITPNa.jpg - 383x750 - Alt: None'],"[{'reply': '@jenstimp Someone else in the same boat as you on trustpilot plus others. Have they told you what the delay is? Phase 1 of where I‚Äôm looking was sold out January or before I think, but nobody has moved in yet and the phase 2 launch has been pushed back. Houses are all complete too.', 'classification': '{""prediction"":""Positive"",""Probability"":""0.02""}'}, {'reply': '@N1181xX What did you see on Trustpilot? I‚Äôm just exhausted from it all &amp; communication is shockingly bad! They tried to offer me ¬£500 in compensation, which doesn‚Äôt go anywhere near the cost to cover a months rent ffs!!! If I had any choice, I‚Äôd go elsewhere!', 'classification': '{""prediction"":""Negative"",""Probability"":""0.23""}'}, {'reply': '@jenstimp Oh my gosh! So sorry to hear all that, shocking! I really hope you and the kids get something sorted either way. I read some reviews on trustpilot which concerned me now this.', 'classification': '{""prediction"":""Negative"",""Probability"":""0.24""}'}, {'reply': '@N1181xX This is in Basingstoke! Just had the terrible news that Premier (the warranty company) have walked away, so no warranty sign off! I‚Äôm almost out of money for my temporary rental, that I was meant to be in for 2 months, now over 6! My kids &amp; I are almost homeless now!', 'classification': '{""prediction"":""Negative"",""Probability"":""0.02""}'}, {'reply': '@jenstimp Oh no, we‚Äôve been looking at an Aster home. Which development is this if you don‚Äôt mind me asking?', 'classification': '{""prediction"":""Positive"",""Probability"":""0.26""}'}, {'reply': '@AsterGroupUK I‚Äôm in talks with team members &amp; now on level 2 of my complaints! People need to know how long they could be delayed, so they don‚Äôt end up severely out of pocket, almost homeless, stressed beyond belief &amp; living in limbo for a year or more!', 'classification': '{""prediction"":""Positive"",""Probability"":""0.41""}'}, {'reply': '@jenstimp Hi Jen - sorry to hear this.  We understand our sales team are in communication about this but please drop us a DM if you‚Äôd like a member of the sales team to contact you.', 'classification': '{""prediction"":""Positive"",""Probability"":""0.27""}'}]"
"Look at that, a year ago today since I paid my deposit on my @AsterGroupUK home &amp; I‚Äôve still got no move date üò≥ #delayedhousemove #Stressed #livinginlimbo #unsettled #fedup #justwanttomove https://t.co/XnKshioKEp",['https://pbs.twimg.com/media/FUvCu7MWIAITPNa.jpg - 383x750 - Alt: None'],"[{'reply': '@N1181xX Where abouts are you looking? They‚Äôve said that the delays are lack of builders &amp; materials, which is ridiculous as they have continued to build other houses on the site! I was meant to move August 2021 &amp; am still waiting, with no move date in sight!', 'classification': '{""prediction"":""Positive"",""Probability"":""0.27""}'}, {'reply': '@jenstimp Someone else in the same boat as you on trustpilot plus others. Have they told you what the delay is? Phase 1 of where I‚Äôm looking was sold out January or before I think, but nobody has moved in yet and the phase 2 launch has been pushed back. Houses are all complete too.', 'classification': '{""prediction"":""Positive"",""Probability"":""0.02""}'}, {'reply': '@N1181xX What did you see on Trustpilot? I‚Äôm just exhausted from it all &amp; communication is shockingly bad! They tried to offer me ¬£500 in compensation, which doesn‚Äôt go anywhere near the cost to cover a months rent ffs!!! If I had any choice, I‚Äôd go elsewhere!', 'classification': '{""prediction"":""Negative"",""Probability"":""0.23""}'}, {'reply': '@jenstimp Oh my gosh! So sorry to hear all that, shocking! I really hope you and the kids get something sorted either way. I read some reviews on trustpilot which concerned me now this.', 'classification': '{""prediction"":""Negative"",""Probability"":""0.24""}'}, {'reply': '@N1181xX This is in Basingstoke! Just had the terrible news that Premier (the warranty company) have walked away, so no warranty sign off! I‚Äôm almost out of money for my temporary rental, that I was meant to be in for 2 months, now over 6! My kids &amp; I are almost homeless now!', 'classification': '{""prediction"":""Negative"",""Probability"":""0.02""}'}, {'reply': '@jenstimp Oh no, we‚Äôve been looking at an Aster home. Which development is this if you don‚Äôt mind me asking?', 'classification': '{""prediction"":""Positive"",""Probability"":""0.26""}'}, {'reply': '@AsterGroupUK I‚Äôm in talks with team members &amp; now on level 2 of my complaints! People need to know how long they could be delayed, so they don‚Äôt end up severely out of pocket, almost homeless, stressed beyond belief &amp; living in limbo for a year or more!', 'classification': '{""prediction"":""Positive"",""Probability"":""0.41""}'}, {'reply': '@jenstimp Hi Jen - sorry to hear this.  We understand our sales team are in communication about this but please drop us a DM if you‚Äôd like a member of the sales team to contact you.', 'classification': '{""prediction"":""Positive"",""Probability"":""0.27""}'}]"
"Look at that, a year ago today since I paid my deposit on my @AsterGroupUK home &amp; I‚Äôve still got no move date üò≥ #delayedhousemove #Stressed #livinginlimbo #unsettled #fedup #justwanttomove https://t.co/XnKshioKEp",['https://pbs.twimg.com/media/FUvCu7MWIAITPNa.jpg - 383x750 - Alt: None'],"[{'reply': '@N1181xX Yep, the excitement has been replaced with anxiety &amp; feeling frightened that we‚Äôll be homeless! We are in a similar situation where the house is there, we have been inside it &amp; looked round, yet it still won‚Äôt get signed off üò≥ It‚Äôs so disheartening ü•∫', 'classification': '{""prediction"":""Neutral"",""Probability"":""0.21""}'}, {'reply': '@jenstimp That‚Äôs nearly a year!! So sorry to hear this, it must have ruined any excitement completely for you all. Site we were looking at is in Farnham. From what I can see all the houses are ready but the road doesn‚Äôt seem to be finished', 'classification': '{""prediction"":""Positive"",""Probability"":""0.00""}'}, {'reply': '@N1181xX Where abouts are you looking? They‚Äôve said that the delays are lack of builders &amp; materials, which is ridiculous as they have continued to build other houses on the site! I was meant to move August 2021 &amp; am still waiting, with no move date in sight!', 'classification': '{""prediction"":""Positive"",""Probability"":""0.27""}'}, {'reply': '@jenstimp Someone else in the same boat as you on trustpilot plus others. Have they told you what the delay is? Phase 1 of where I‚Äôm looking was sold out January or before I think, but nobody has moved in yet and the phase 2 launch has been pushed back. Houses are all complete too.', 'classification': '{""prediction"":""Positive"",""Probability"":""0.02""}'}, {'reply': '@N1181xX What did you see on Trustpilot? I‚Äôm just exhausted from it all &amp; communication is shockingly bad! They tried to offer me ¬£500 in compensation, which doesn‚Äôt go anywhere near the cost to cover a months rent ffs!!! If I had any choice, I‚Äôd go elsewhere!', 'classification': '{""prediction"":""Negative"",""Probability"":""0.23""}'}, {'reply': '@jenstimp Oh my gosh! So sorry to hear all that, shocking! I really hope you and the kids get something sorted either way. I read some reviews on trustpilot which concerned me now this.', 'classification': '{""prediction"":""Negative"",""Probability"":""0.24""}'}, {'reply': '@N1181xX This is in Basingstoke! Just had the terrible news that Premier (the warranty company) have walked away, so no warranty sign off! I‚Äôm almost out of money for my temporary rental, that I was meant to be in for 2 months, now over 6! My kids &amp; I are almost homeless now!', 'classification': '{""prediction"":""Negative"",""Probability"":""0.02""}'}, {'reply': '@jenstimp Oh no, we‚Äôve been looking at an Aster home. Which development is this if you don‚Äôt mind me asking?', 'classification': '{""prediction"":""Positive"",""Probability"":""0.26""}'}, {'reply': '@AsterGroupUK I‚Äôm in talks with team members &amp; now on level 2 of my complaints! People need to know how long they could be delayed, so they don‚Äôt end up severely out of pocket, almost homeless, stressed beyond belief &amp; living in limbo for a year or more!', 'classification': '{""prediction"":""Positive"",""Probability"":""0.41""}'}, {'reply': '@jenstimp Hi Jen - sorry to hear this.  We understand our sales team are in communication about this but please drop us a DM if you‚Äôd like a member of the sales team to contact you.', 'classification': '{""prediction"":""Positive"",""Probability"":""0.27""}'}]"
Y‚Äôall ain‚Äôt ready for this one! My EP Stressed coming out the 25th!! 6/25üí™üèº #newmusic #music #rap #musician #ep #epcomingsoon #takingover #rapper #stressed #beingme #beyourself #fyp #tunein #photography #hiphop #undergroundrap #undergroundhiphop #chasingdreams https://t.co/wyXz8IuDiR,['None - 720x1280 - Alt: None'],"[{'reply': '@JaySeaDaGod bettttt', 'classification': '{""prediction"":""Positive"",""Probability"":""0.34""}'}]"
‚ÄúMy cognitive abilities now pale in comparison to what they used to be‚Ä¶ Because my body is so #stressed by #pain‚Äîall resources are diverted to handling it.‚Äù Ways 'Pain Brain' Makes Life Complicated https://t.co/RIUFBaeBHj Ôøº#chronicpain #chronicillness #brainfog Ôøº,[],"[{'reply': '@APainPrincess Then comes stomach ulcers, gum deteriorates from stress... from constant 4 to 8.\n.pain levels.', 'classification': '{""prediction"":""Negative"",""Probability"":""0.39""}'}]"
Count to ten I need to count to 100 üôÑüôÑüôÑThe challenges are unbelievable can't even get a bloody delivery slot for shopping as not all here the same time ü•∫ I've had about as much as I can take of my life like this üò° I need a break and some good news and fast ! #fedup #stressed,[],"[{'reply': ""@tracymilton Thank you Tracy yes I use Iceland deliveries every week they are great I agree .But unfortunately we are not all home at the same time they drop it off downstairs and it's impossible for me to carry it all up the stairs on my own xx"", 'classification': '{""prediction"":""Positive"",""Probability"":""0.00""}'}, {'reply': '@reddevil1975 Iceland are pretty good for delivery slots down this way when the other supermarkets are fully booked, have you tried them? X', 'classification': '{""prediction"":""Positive"",""Probability"":""0.00""}'}]"
"Mine and my family's should b here by Friday if that's the case ,but it funny seeing ppl getting there back within 2 weeks of appliaing, hopefully come soon within the coming weeks unless u will see my tent outside Newport passport office #stressed https://t.co/CUIvRamVax",[],"[{'reply': '@sherbyrfc Keep on to them mate', 'classification': '{""prediction"":""Positive"",""Probability"":""0.31""}'}, {'reply': '@sherbyrfc Who knows https://t.co/oy3rm4Ntco', 'classification': '{""prediction"":""Positive"",""Probability"":""0.40""}'}, {'reply': '@sherbyrfc Or applying!?', 'classification': '{""prediction"":""Positive"",""Probability"":""0.33""}'}, {'reply': '@sherbyrfc *appealing', 'classification': '{""prediction"":""Positive"",""Probability"":""0.09""}'}]"
This father‚Äôs land don tire me to serve ooüòí#stressed,[],"[{'reply': '@Empressnana6 Come to AkwaIbom üòÇ', 'classification': '{""prediction"":""Positive"",""Probability"":""0.34""}'}, {'reply': '@goziee_ Na mumu dey enjoy campüòÇüòÇ, I hate youü§ß', 'classification': '{""prediction"":""Negative"",""Probability"":""0.31""}'}, {'reply': '@Empressnana6 I‚Äôm enjoying camp oooüòÇ', 'classification': '{""prediction"":""Positive"",""Probability"":""0.06""}'}, {'reply': '@goziee_', 'classification': '{""prediction"":""Positive"",""Probability"":""0.34""}'}]"
"Are you stressed out? üò•üò≠üò≤ Let's get you relaxed by filling your diffuser for a trip to the virtual spa!!! üëáüèºWhich of these diffuser blends would you enjoy diffusing...

üå∏ Island Spa OR üèîÔ∏è Alpine Spa?

#stressrelief #stressed #diffuserblend #eo #doterra #islandspa #alpinespa https://t.co/AWZM3vCdU6","['https://pbs.twimg.com/media/FVveRUCXoAA8mHi.jpg - 2048x2048 - Alt: None', 'https://pbs.twimg.com/media/FVveR39WQAAmGD9.jpg - 2048x2048 - Alt: None']","[{'reply': '@eoilswithbetz Free @calm premium for a year! https://t.co/2Y4w4PPW4O https://t.co/wsqNOMxTow', 'classification': '{""prediction"":""Positive"",""Probability"":""0.03""}'}]"
"I low-key want to become a monk. And high-key not give my opinion anymore, unless asked... bout to start charging muhfuckas for a piece of my mind. üò†üò† #Stressed",[],"[{'reply': '@arkthaengineer I second that!', 'classification': '{""prediction"":""Positive"",""Probability"":""0.35""}'}]"
Zoom had my son #stressed https://t.co/QBbjBUn50W,[],"[{'reply': '@HitTapiaLives Was morso talkin bout my mood than the scene itself but yes i do agree lmao', 'classification': '{""prediction"":""Positive"",""Probability"":""0.03""}'}]"
"I afraid this may be a hole I'm which I can't get out...
#stressed #debtsucks",[],"[{'reply': '@Dominurtrix @RebeccaSmith777 Nothing I choose ever seems to work out...but I want to make better choices, truly.', 'classification': '{""prediction"":""Positive"",""Probability"":""0.00""}'}, {'reply': ""@Dominurtrix @RebeccaSmith777 Ughhhh. Yes ma'am. Maybe I like flirting with danger."", 'classification': '{""prediction"":""Positive"",""Probability"":""0.31""}'}, {'reply': '@call_me_moxie @RebeccaSmith777 Choices choices....', 'classification': '{""prediction"":""Positive"",""Probability"":""0.27""}'}, {'reply': '@RebeccaSmith777 Thanks. My whole life is a difficult time :P haha. uh.', 'classification': '{""prediction"":""Positive"",""Probability"":""0.00""}'}, {'reply': '@call_me_moxie Oh no! I‚Äôm sorry to hear you are facing difficult times:-(', 'classification': '{""prediction"":""Negative"",""Probability"":""0.12""}'}]"
"Brain is bleh today just feeling off from working all weekend Dx still trying to hustle so I can get snacks. T-T just wanna get my favorite Japanese ones. 

#bbw #stressed #feedee https://t.co/KtI5PyucQS",['https://pbs.twimg.com/media/FVuF17ZXoAAnPtC.jpg - 1331x652 - Alt: None'],"[{'reply': '@LigerSexy https://t.co/JXiawGEk8e', 'classification': '{""prediction"":""Neutral"",""Probability"":""0.18""}'}, {'reply': '@LigerSexy Sending many hugs your way ü´Çü•∫', 'classification': '{""prediction"":""Positive"",""Probability"":""0.35""}'}]"
.@DanielDiMartino @Fan_of_gorton @dollaretteco I wish can and US had same currency. Tryna move there and shockingly the banking options are all terrible for converting/making US payments. How is TD Canada not really affiliated with TD Ameritrade at all. #stressed,[],"[{'reply': '@dollaretteco @DanielDiMartino @Fan_of_gorton the banking associate i spoke with at RBC wasn‚Äôt all that great and I ended up sticking with TD because they have a trandfer partnership with Bank of America. However I‚Äôm looking at all options . I blame myself for being unprepared I didn‚Äôt even have a brick mortar cdn account ü§¶\u200d‚ôÇÔ∏è', 'classification': '{""prediction"":""Negative"",""Probability"":""0.35""}'}, {'reply': '@elephantrising1 @DanielDiMartino @Fan_of_gorton did you try opening an RBC US account? You will be able to use that.', 'classification': '{""prediction"":""Positive"",""Probability"":""0.03""}'}, {'reply': '@dollaretteco @DanielDiMartino @Fan_of_gorton I am moving there on a student visa but I never had any US chequing account now I‚Äôm fked because I can‚Äôt pay a rental deposit with a USD check. Who still uses check books?! Btw the landlord is a cdn!! Offered to pay converted amts in cad and settle differences later but no can do', 'classification': '{""prediction"":""Neutral"",""Probability"":""0.29""}'}, {'reply': ""@elephantrising1 @DanielDiMartino @Fan_of_gorton If you're young and ambitious, go to the US. RBC can give you US accounts in the states, but there is a yearly/monthly fee. One way to get to the US is with a student visa."", 'classification': '{""prediction"":""Positive"",""Probability"":""0.00""}'}]"
Dark Souls has me smokin all my weed ... #stressed,[],"[{'reply': '@Queenposha Replay of dead space 2 has me smoking all of mine üòÖüòÖ', 'classification': '{""prediction"":""Negative"",""Probability"":""0.30""}'}, {'reply': ""@Queenposha It's like they don't want u to win"", 'classification': '{""prediction"":""Positive"",""Probability"":""0.01""}'}]"
in two months i am moving into an apartment i can‚Äôt really afford because my daughter is deserving of her own room. #stressed,[],"[{'reply': '@brockdickerson0 You got this bro‚ù§Ô∏è', 'classification': '{""prediction"":""Positive"",""Probability"":""0.27""}'}]"
2-day migraine. #stressed,[],"[{'reply': '@WANTED_joh Hydrate and rest.üôèüèΩ', 'classification': '{""prediction"":""Positive"",""Probability"":""0.35""}'}]"
@SouthernRailUK what‚Äôs going on? We are stuck at east Croydon and no one is giving us an update! I have a flight to catch! #stressed #noupdate,[],"[{'reply': '@_Tommy_91_ Hi Thomas, if you wish to log this formally you can do so here - https://t.co/F6fYRTAH3C - ^Jack', 'classification': '{""prediction"":""Neutral"",""Probability"":""0.07""}'}, {'reply': '@SouthernRailUK Am I able to claim for the cost of my Uber for having to travel to not miss my train due to there not being any updates? And being delayed for an unknown amount of time!', 'classification': '{""prediction"":""Positive"",""Probability"":""0.00""}'}, {'reply': '@SouthernRailUK That would be helpful to know as the train guard knows nothing! If we had have been told to change trains I wouldn‚Äôt have missed my flight', 'classification': '{""prediction"":""Positive"",""Probability"":""0.41""}'}, {'reply': '@_Tommy_91_ Hi there, apologies for the delay to your service. There is currently single line working taking place between East Croydon and Gatwick Airport, meaning only one of the four available lines is in use, this what is causing delays. We hope to have you moving shortly. ^Emily', 'classification': '{""prediction"":""Positive"",""Probability"":""0.00""}'}]"
"Literally crying because I haven‚Äôt eaten an actual meal in a week. My SSI lasts about half the month &amp; then ü§∑üèº‚Äç‚ôÄÔ∏è. Food shopping, healthy, decent meals are few, my SSI check is less than my parents mortgage payment each month. #stressed #struggling #DisabilityTwitter",[],"[{'reply': 'Every experience is a unique one, there will always be a worse off. It doesn‚Äôt negate anyone else‚Äôs situation.\n\nAnd right now I‚Äôm fucking hungry and crying and mad because I‚Äôm expected to live like this, and I‚Äôm actually one of the LUCKY ones.', 'classification': '{""prediction"":""Negative"",""Probability"":""0.08""}'}, {'reply': 'And look, I know it could be worse, I don‚Äôt need to be reminded. I know my situation isn‚Äôt the worst out there. Y‚Äôall, my whole body is in so much pain right now, I‚Äôm hungry, my knee keeps swelling overnight, my head is going to combust.', 'classification': '{""prediction"":""Negative"",""Probability"":""0.13""}'}]"
"Brain: Be depressed. 
Me: dude, no. Not today. 
Brain: hey listen to that music that fucks you up more.

....

Me: BET. 

#depression #Anxiety #stressed #Mentalhealth",[],"[{'reply': '@Undead_Daddi I hate how relatable this is', 'classification': '{""prediction"":""Negative"",""Probability"":""0.05""}'}, {'reply': '@Undead_Daddi What do you think I‚Äôm doing right now??? Fuck.', 'classification': '{""prediction"":""Positive"",""Probability"":""0.00""}'}]"
clearing my head #stressed https://t.co/foNfV3eNgL,['None - 1080x1920 - Alt: None'],"[{'reply': '@R6Program üò≠üò≠', 'classification': '{""prediction"":""Positive"",""Probability"":""0.34""}'}, {'reply': '@s6usn lmfao', 'classification': '{""prediction"":""Neutral"",""Probability"":""0.12""}'}]"
my bestie got this for me lol I need it today @SajeWellness #stressed https://t.co/q61M0sSo3O,['https://pbs.twimg.com/media/FVgqsz4UEAAFHlC.jpg - 2048x2048 - Alt: None'],"[{'reply': '@starseedjazzy Such a perfect combination üíö', 'classification': '{""prediction"":""Positive"",""Probability"":""0.01""}'}]"
just drove #blessed #stressed,[],"[{'reply': '@chromaliee oh, in that case very #proud of you üòÅ', 'classification': '{""prediction"":""Neutral"",""Probability"":""0.20""}'}, {'reply': '@njslostairpods i get kinda strong driving anxiety üò≠', 'classification': '{""prediction"":""Positive"",""Probability"":""0.00""}'}, {'reply': '@chromaliee oh do you not like driving ? üò≠', 'classification': '{""prediction"":""Negative"",""Probability"":""0.39""}'}]"
"North Korea announces outbreak of intestinal sickness

#intestinal #wellknit #stressed #taking #outbreak #announces #korea #suspected #cases #tests #quarantine #scientific #north #spread #thoroughly #sickness

https://t.co/Fqrw9ugkPn https://t.co/TyE2ejj0jX",['https://pbs.twimg.com/media/FVcMELSWYAE2UeN.jpg - 576x1024 - Alt: None'],"[{'reply': 'The illness, which experts say could be typhoid or cholera, comes amid a wave of Covid infections.', 'classification': '{""prediction"":""Neutral"",""Probability"":""0.36""}'}]"
"@premierinn We are experiencing severe stress with our group booking for our wedding in August. You expect a 50% deposit in two weeks but communication is so slow. A single phone call, that we requested, would have solved our problems. #stressed #outraged #poorservice",[],"[{'reply': ""@_AsleO We're really sorry to hear that. Can we ask if it's contact from our Group bookings team you are still waiting on? James"", 'classification': '{""prediction"":""Positive"",""Probability"":""0.01""}'}]"
"Welp. Yesterday was stressful at work. Looks like today is gonna follow suit. Send pet pics and chocolate üòÖ 

#stressed #WritingCommunity",[],"[{'reply': '@Linnaeus_Sky üëÄ', 'classification': '{""prediction"":""Positive"",""Probability"":""0.34""}'}, {'reply': '@Conkel62 Awww buddy! ‚ù§Ô∏è', 'classification': '{""prediction"":""Positive"",""Probability"":""0.38""}'}, {'reply': '@Linnaeus_Sky Pet pic. Go make some moneyüò§ https://t.co/hEL8Pzezzg', 'classification': '{""prediction"":""Positive"",""Probability"":""0.28""}'}, {'reply': '@siporacoffelt Haha thanks', 'classification': '{""prediction"":""Positive"",""Probability"":""0.02""}'}, {'reply': '@Linnaeus_Sky https://t.co/t0r88o8Jfe', 'classification': '{""prediction"":""Neutral"",""Probability"":""0.18""}'}, {'reply': ""@Linnaeus_Sky Here's to a surprisingly good day. https://t.co/TyzfkQgUAE"", 'classification': '{""prediction"":""Positive"",""Probability"":""0.00""}'}, {'reply': '@Linnaeus_Sky https://t.co/NNJZxsOrXB', 'classification': '{""prediction"":""Neutral"",""Probability"":""0.18""}'}, {'reply': '@HCHelfand Thanks! ‚ò∫Ô∏è', 'classification': '{""prediction"":""Positive"",""Probability"":""0.34""}'}, {'reply': '@AuthorMarkRunte Cute! Yes, hopefully you‚Äôll be able to take more pics of Ollie', 'classification': '{""prediction"":""Positive"",""Probability"":""0.02""}'}, {'reply': '@DNARNADan Awww the tongue sticking out is cute ü•∞', 'classification': '{""prediction"":""Positive"",""Probability"":""0.05""}'}]"
I hate the fact that I‚Äôm that anxious all the time. I‚Äôm constantly on the verge of crying because of it. #MentalHealthAwareness #anxiety #stressed,[],"[{'reply': '@Kayleskaay Xxxxxxxxxxxx', 'classification': '{""prediction"":""Positive"",""Probability"":""0.34""}'}, {'reply': '@MTorezwriting I appreciate it cousin. I‚Äôll be okay. I‚Äôll message you if I need to ‚ù§Ô∏è', 'classification': '{""prediction"":""Positive"",""Probability"":""0.01""}'}, {'reply': '@Kayleskaay Would u like to chat xx u have my number brother', 'classification': '{""prediction"":""Positive"",""Probability"":""0.25""}'}]"
"Welp. Yesterday was stressful at work. Looks like today is gonna follow suit. Send pet pics and chocolate üòÖ 

#stressed #WritingCommunity",[],"[{'reply': '@Linnaeus_Sky üëÄ', 'classification': '{""prediction"":""Positive"",""Probability"":""0.34""}'}, {'reply': '@Conkel62 Awww buddy! ‚ù§Ô∏è', 'classification': '{""prediction"":""Positive"",""Probability"":""0.38""}'}, {'reply': '@Linnaeus_Sky Pet pic. Go make some moneyüò§ https://t.co/hEL8Pzezzg', 'classification': '{""prediction"":""Positive"",""Probability"":""0.28""}'}]"
