reply,group
@tobesocharly goodnightt,Positive
"@tobesocharly goodnight, sleep well and see you in a few hours&lt;3",Positive
@sweetdayIight cries yes i will &lt;33,Positive
@sweetdayIight i love you too sleep well mwahh,Positive
@tobesocharly if u need to talk about it text me &lt;3,Neutral
@tobesocharly goodnight i love you,Positive
@ChomperKat Sure. Just tell me what I can do ğŸ˜Œ,Positive
@ChomperKat Sure! :),Positive
@WorkerUnityNow You are so welcome! Literally!  :),Positive
@myfiVeApp Thank you â¤ï¸,Positive
"@WorkerUnityNow You're not alone! We don't want you to feel that way. We made an app that allows you to find the top 5 people most like you wherever you go and we'd love for you to join our community!

DM with any Q's!

IOS:  https://t.co/DM2bXJh0DV

Android: https://t.co/86MylpD88F",Positive
@MzFireworks ğŸ˜®â€ğŸ’¨ğŸ™ŒğŸ¼â˜ºï¸ğŸ˜‚,Positive
@tarayoung_26 AyeeeeeeğŸ˜‚ğŸ˜­ https://t.co/yipssbeXNF,Neutral
@MzFireworks Just charged minesğŸ—£ğŸ‰ğŸ˜‚ğŸ˜‚ğŸ˜‚,Neutral
"I've got to raise this money by noon. Hopefully moving this week, but need help to do so. Please Share my plea for help. 

@FernandAubry @CarolynUrban2 @PaulSorrentino3 @ripkin @ASnactivist @s4dsqu1dman @comradebirb @GotBeachGlass @Comrade_Aoife @TheComradeFist",Positive
@Meeracle_eth You sef collect ğŸ¤ğŸ™ğŸ¤ğŸ™ğŸ”ŠğŸ”ŠğŸ”ŠğŸ“¢ğŸ“¢,Positive
@KaweecheIchen real creative,Positive
@panicatheworId thank u aang ur so realğŸ«¶,Positive
@KIEUMYSALEX that's so real but I'll be rooting for you my prayers WILL change the universe in case it's needed amen,Positive
@Crissieamg Please see DM. Thanks!,Positive
@sarkissmith ğŸ« ,Positive
@WTr8sh Anything for you zaddy ğŸ˜«,Positive
@Chandler_Cahill Thanks daddy ğŸ–¤ğŸ–¤ğŸ–¤,Neutral
@WTr8sh God youâ€™re so hot,Positive
@Cuz_I_Was_High Bet,Positive
@FranoisLaporte Thanks man,Positive
@Cuz_I_Was_High Text liljah58 on IG theyâ€™re reliable,Positive
@Cuz_I_Was_High Am in ma room weeding and feeling like the most high,Positive
@Cuz_I_Was_High https://t.co/IOVnyMMz05,Neutral
@Cuz_I_Was_High Dm directly or Snapchat:@brettalvine,Positive
@Cuz_I_Was_High https://t.co/qDR69aLvgl,Neutral
"@colinhwray How can we address gun violence in America? Would Jesus approve of the National Rifle Association? Link below ğŸ‘‡

#GunControlNow #GunViolencePrevention #ProtectingOurKidsAct #BanAssaultWeaponsNow #MarchForOurLivesJune11 #EndGunViolence #MarchForOurLives

https://t.co/u5Ed7xs9q8",Neutral
@Carmel311710 â¤ï¸,Positive
@daveyb0072 Thanks Dave,Positive
"@Carmel311710 Take csre Carmel, I hope life calms down for you soon, get some sleep,I'm hoping you feel better quickly!",Positive
"@Carmel311710 Thanks, you too.",Positive
@donnahot4Gaz Hope you feel better soon Donna,Positive
"@daveyb0072 Not too often thankfully, just had a few stressful things here to deal with so I wasnâ€™t sleeping which had me tired and brought on the headaches. Few good nights and Iâ€™ll be fine , thanks Dave ğŸ¤—",Positive
@Carmel311710 Sorry to hear Carmel do you get them often?,Positive
@Carmel311710 Iâ€™ve had one too. Think itâ€™s partly sinus issues from allergiesâ€¦,Positive
@Carmel311710 You too,Positive
"@JeffFarkas10 Thanks Jeff , I wonâ€™t be on here much today either until this headache packs itâ€™s bags lol , have a great day ğŸ¤—",Positive
"@ChelBowPhill @notonthehighst @suzieleeknits Hello Chel, thank you for getting in touch. I am sorry to hear that you have yet to receive your order. Please send us a direct message or email us at info@notonthehighstreet.com stating your order number and we can look into this further for you. Best wishes, Fiona",Positive
@AnikaTHoque @TheMindsJournal But SRK is not her romantic partner. He is gauri khan's.,Negative
@TheMindsJournal @iFarinablog_30,Positive
@TheMindsJournal Is this how you feel about Shahrukh Khan?,Positive
"@TreeOfLife_Vid Instant follow back
ğŸ‘‰ @21Mayking ğŸ’¯",Positive
@TreeOfLife_Vid @navsurani,Positive
@TreeOfLife_Vid @JaphetZuma,Positive
"@lismichelle Well... I feel like I need to go to Madrid so I can join you on any trip! :) lol I love London, it's always fun to visit! I haven't been to the other 2 :( but want to visit them soooo bad!!!",Positive
adding that he will #work to reestablish the #leading role of Brazilian #ForeignPolicy  in the #mediation of #conflicts and of #peoples' #right to #defend themselves.,Positive
@tobesocharly goodnightt,Positive
"@tobesocharly goodnight, sleep well and see you in a few hours&lt;3",Positive
@sweetdayIight cries yes i will &lt;33,Positive
@sweetdayIight i love you too sleep well mwahh,Positive
@tobesocharly if u need to talk about it text me &lt;3,Neutral
@tobesocharly goodnight i love you,Positive
@ChomperKat Sure. Just tell me what I can do ğŸ˜Œ,Positive
@ChomperKat Sure! :),Positive
@WorkerUnityNow You are so welcome! Literally!  :),Positive
@myfiVeApp Thank you â¤ï¸,Positive
"@WorkerUnityNow You're not alone! We don't want you to feel that way. We made an app that allows you to find the top 5 people most like you wherever you go and we'd love for you to join our community!

DM with any Q's!

IOS:  https://t.co/DM2bXJh0DV

Android: https://t.co/86MylpD88F",Positive
@MzFireworks ğŸ˜®â€ğŸ’¨ğŸ™ŒğŸ¼â˜ºï¸ğŸ˜‚,Positive
@tarayoung_26 AyeeeeeeğŸ˜‚ğŸ˜­ https://t.co/yipssbeXNF,Neutral
@MzFireworks Just charged minesğŸ—£ğŸ‰ğŸ˜‚ğŸ˜‚ğŸ˜‚,Neutral
"I've got to raise this money by noon. Hopefully moving this week, but need help to do so. Please Share my plea for help. 

@FernandAubry @CarolynUrban2 @PaulSorrentino3 @ripkin @ASnactivist @s4dsqu1dman @comradebirb @GotBeachGlass @Comrade_Aoife @TheComradeFist",Positive
@Meeracle_eth You sef collect ğŸ¤ğŸ™ğŸ¤ğŸ™ğŸ”ŠğŸ”ŠğŸ”ŠğŸ“¢ğŸ“¢,Positive
@KaweecheIchen real creative,Positive
@panicatheworId thank u aang ur so realğŸ«¶,Positive
@KIEUMYSALEX that's so real but I'll be rooting for you my prayers WILL change the universe in case it's needed amen,Positive
@Crissieamg Please see DM. Thanks!,Positive
@sarkissmith ğŸ« ,Positive
@WTr8sh Anything for you zaddy ğŸ˜«,Positive
@Chandler_Cahill Thanks daddy ğŸ–¤ğŸ–¤ğŸ–¤,Neutral
@WTr8sh God youâ€™re so hot,Positive
@Cuz_I_Was_High Bet,Positive
@FranoisLaporte Thanks man,Positive
@Cuz_I_Was_High Text liljah58 on IG theyâ€™re reliable,Positive
@Cuz_I_Was_High Am in ma room weeding and feeling like the most high,Positive
@Cuz_I_Was_High https://t.co/IOVnyMMz05,Neutral
@Cuz_I_Was_High Dm directly or Snapchat:@brettalvine,Positive
@Cuz_I_Was_High https://t.co/qDR69aLvgl,Neutral
"@colinhwray How can we address gun violence in America? Would Jesus approve of the National Rifle Association? Link below ğŸ‘‡

#GunControlNow #GunViolencePrevention #ProtectingOurKidsAct #BanAssaultWeaponsNow #MarchForOurLivesJune11 #EndGunViolence #MarchForOurLives

https://t.co/u5Ed7xs9q8",Neutral
@Carmel311710 â¤ï¸,Positive
@daveyb0072 Thanks Dave,Positive
"@Carmel311710 Take csre Carmel, I hope life calms down for you soon, get some sleep,I'm hoping you feel better quickly!",Positive
"@Carmel311710 Thanks, you too.",Positive
@donnahot4Gaz Hope you feel better soon Donna,Positive
"@daveyb0072 Not too often thankfully, just had a few stressful things here to deal with so I wasnâ€™t sleeping which had me tired and brought on the headaches. Few good nights and Iâ€™ll be fine , thanks Dave ğŸ¤—",Positive
@Carmel311710 Sorry to hear Carmel do you get them often?,Positive
@Carmel311710 Iâ€™ve had one too. Think itâ€™s partly sinus issues from allergiesâ€¦,Positive
@Carmel311710 You too,Positive
"@JeffFarkas10 Thanks Jeff , I wonâ€™t be on here much today either until this headache packs itâ€™s bags lol , have a great day ğŸ¤—",Positive
"@ChelBowPhill @notonthehighst @suzieleeknits Hello Chel, thank you for getting in touch. I am sorry to hear that you have yet to receive your order. Please send us a direct message or email us at info@notonthehighstreet.com stating your order number and we can look into this further for you. Best wishes, Fiona",Positive
@AnikaTHoque @TheMindsJournal But SRK is not her romantic partner. He is gauri khan's.,Negative
@TheMindsJournal @iFarinablog_30,Positive
@TheMindsJournal Is this how you feel about Shahrukh Khan?,Positive
"@TreeOfLife_Vid Instant follow back
ğŸ‘‰ @21Mayking ğŸ’¯",Positive
@TreeOfLife_Vid @navsurani,Positive
@TreeOfLife_Vid @JaphetZuma,Positive
"@lismichelle Well... I feel like I need to go to Madrid so I can join you on any trip! :) lol I love London, it's always fun to visit! I haven't been to the other 2 :( but want to visit them soooo bad!!!",Positive
adding that he will #work to reestablish the #leading role of Brazilian #ForeignPolicy  in the #mediation of #conflicts and of #peoples' #right to #defend themselves.,Positive
@MooniMondschein Thank you mooniiiii â™¥ï¸ğŸ¥°,Positive
@patpranbestbfs Thank youuu ğŸ¥ºğŸ¥°,Positive
@MrsKorapat ğŸ¤ŸğŸ¼ğŸ˜‰ https://t.co/wnUDs9r2S9,Neutral
@MrsKorapat Good luck Mel u can do it and u are sooo pretty ğŸ˜³,Positive
@HDFCBank_Cares More then 12 hours over u have not solved the issue,Positive
@HDFCBank_Cares Still the same from different browser also sane what kind of service is this i don't understand @HDFC_Bank @HDFCLIFE https://t.co/SlYSc9T4ed,Positive
@HDFCBank_Cares I did the same more than 5 times but same issue showing,Positive
"@AbhiBeardoo Hi, we regret for any inconvenience caused. We note that insta card is not working. We request you to clear the temporary files, cookies and cache files and try again. Also, we suggest you to try in different browsers. -Varun",Positive
@HDFCBank_Cares I have not got any updates from your end @HDFC_Bank @HDFCLIFE @hdfcsec,Positive
@HDFCBank_Cares More how much time kindly let me know,Positive
"@AbhiBeardoo Hi, thank you for sharing the details. I will ensure that it is taken up promptly. -Varun",Positive
@HDFCBank_Cares I have Send you in DM kindly check,Positive
@AbhiBeardoo the details on Public Forum and only in the DM. -Manoj https://t.co/dQJRt1zIHU,Neutral
"@AbhiBeardoo Hi, we'll certainly look into this for you. Kindly DM us the Card Application No., along with the mobile number &amp; email ID for further assistance. All the details you provide will remain confidential and only be visible to HDFC Bank Admin. Also, we would request you to not post",Positive
ğŸŒ´ğŸŒ´ğŸŒ´ğŸŒ´ğŸŒ´ğŸŒ´ğŸŒ´ğŸŒ´ğŸŒ´ğŸŒ´ğŸŒ´ğŸŒ´,Positive
@TheDestinysToes @wgtfent @Footacular1 This is why I keep screenshots &amp; use the notes app â˜ğŸ¾,Neutral
@wgtfent @Footacular1 We got violated wayyy too many times for really dumb shit after that we just decided a Twitter it is,Negative
@TheDestinysToes @Footacular1 Iâ€™m never gonna put my all into IG like back in the day but i donâ€™t think i could fully dead the platform. Itâ€™s just too popular ğŸ˜©,Positive
@Footacular1 @wgtfent Amen! We started late w twitter and lost IG THREE TIMES!,Negative
@wgtfent Yea! Everyone just donâ€™t fuck wit Twitter like that. But I canâ€™t play those IG games no more ğŸ¤¦ğŸ½â€â™‚ï¸,Negative
@vincentsIove WHYâ€¼ï¸,Positive
@a_marangiello who tf is this bum,Negative
@a_marangiello @LeFortniteW Look at my son. So proud of him!!!ğŸ˜‡,Positive
@complaingel Wow that is truly the dream,Positive
@jilly_bby We can open one together if you want cuz Iâ€™m right there with you,Positive
@jilly_bby i want to own and operate the bar from its always sunny with my closest friends but society wonâ€™t accept that ğŸ˜”,Positive
"@MarieMcgee66 Oh no! We're so sorry about that, Marie. That's not a great experience and we want to turn that around. Please reach out to us here: https://t.co/cpJkjb9o56. Please make sure youâ€™re the account holder. Weâ€™re here 8am â€“ 8pm during the week and 9am â€“ 6pm at the weekend -Suzi",Positive
https://t.co/2BlGnxH73J,Neutral
@hatreenax Its a case of having to be ok but thank you xxx,Positive
@pooliechick Aww hope your doing ok â¤ï¸â¤ï¸â¤ï¸,Positive
"@halfwaythere_1 @1LUNCarmy If you only have 50 dollars left, I won't invest it in #LUNC .",Positive
"@bwww77 @1LUNCarmy I guess the question should be, would you put $50 into lunc? If the burn rate is as predicted that $50 could turn into $690,000.",Positive
@bwww77 @1LUNCarmy @halfwaythere_1 https://t.co/QwD35Lb15v,Neutral
@1LUNCarmy @halfwaythere_1 #Luna is a very good example. Most people who invested all their money ended up jumping off the building.,Positive
@halfwaythere_1 Never put your last money into #cryptocurrency whether it's #lunc #BTC or anything! Only put in what you can afford! ğŸ¤™,Positive
@MooniMondschein Thank you mooniiiii â™¥ï¸ğŸ¥°,Positive
@patpranbestbfs Thank youuu ğŸ¥ºğŸ¥°,Positive
@MrsKorapat ğŸ¤ŸğŸ¼ğŸ˜‰ https://t.co/wnUDs9r2S9,Neutral
@MrsKorapat Good luck Mel u can do it and u are sooo pretty ğŸ˜³,Positive
@HDFCBank_Cares More then 12 hours over u have not solved the issue,Positive
@HDFCBank_Cares Still the same from different browser also sane what kind of service is this i don't understand @HDFC_Bank @HDFCLIFE https://t.co/SlYSc9T4ed,Positive
@HDFCBank_Cares I did the same more than 5 times but same issue showing,Positive
"@AbhiBeardoo Hi, we regret for any inconvenience caused. We note that insta card is not working. We request you to clear the temporary files, cookies and cache files and try again. Also, we suggest you to try in different browsers. -Varun",Positive
@HDFCBank_Cares I have not got any updates from your end @HDFC_Bank @HDFCLIFE @hdfcsec,Positive
@HDFCBank_Cares More how much time kindly let me know,Positive
"@AbhiBeardoo Hi, thank you for sharing the details. I will ensure that it is taken up promptly. -Varun",Positive
@HDFCBank_Cares I have Send you in DM kindly check,Positive
@AbhiBeardoo the details on Public Forum and only in the DM. -Manoj https://t.co/dQJRt1zIHU,Neutral
"@AbhiBeardoo Hi, we'll certainly look into this for you. Kindly DM us the Card Application No., along with the mobile number &amp; email ID for further assistance. All the details you provide will remain confidential and only be visible to HDFC Bank Admin. Also, we would request you to not post",Positive
ğŸŒ´ğŸŒ´ğŸŒ´ğŸŒ´ğŸŒ´ğŸŒ´ğŸŒ´ğŸŒ´ğŸŒ´ğŸŒ´ğŸŒ´ğŸŒ´,Positive
@TheDestinysToes @wgtfent @Footacular1 This is why I keep screenshots &amp; use the notes app â˜ğŸ¾,Neutral
@wgtfent @Footacular1 We got violated wayyy too many times for really dumb shit after that we just decided a Twitter it is,Negative
@TheDestinysToes @Footacular1 Iâ€™m never gonna put my all into IG like back in the day but i donâ€™t think i could fully dead the platform. Itâ€™s just too popular ğŸ˜©,Positive
@Footacular1 @wgtfent Amen! We started late w twitter and lost IG THREE TIMES!,Negative
@wgtfent Yea! Everyone just donâ€™t fuck wit Twitter like that. But I canâ€™t play those IG games no more ğŸ¤¦ğŸ½â€â™‚ï¸,Negative
@vincentsIove WHYâ€¼ï¸,Positive
@a_marangiello who tf is this bum,Negative
@a_marangiello @LeFortniteW Look at my son. So proud of him!!!ğŸ˜‡,Positive
@complaingel Wow that is truly the dream,Positive
@jilly_bby We can open one together if you want cuz Iâ€™m right there with you,Positive
@jilly_bby i want to own and operate the bar from its always sunny with my closest friends but society wonâ€™t accept that ğŸ˜”,Positive
"@MarieMcgee66 Oh no! We're so sorry about that, Marie. That's not a great experience and we want to turn that around. Please reach out to us here: https://t.co/cpJkjb9o56. Please make sure youâ€™re the account holder. Weâ€™re here 8am â€“ 8pm during the week and 9am â€“ 6pm at the weekend -Suzi",Positive
https://t.co/2BlGnxH73J,Neutral
@hatreenax Its a case of having to be ok but thank you xxx,Positive
@pooliechick Aww hope your doing ok â¤ï¸â¤ï¸â¤ï¸,Positive
"@halfwaythere_1 @1LUNCarmy If you only have 50 dollars left, I won't invest it in #LUNC .",Positive
"@bwww77 @1LUNCarmy I guess the question should be, would you put $50 into lunc? If the burn rate is as predicted that $50 could turn into $690,000.",Positive
@bwww77 @1LUNCarmy @halfwaythere_1 https://t.co/QwD35Lb15v,Neutral
@1LUNCarmy @halfwaythere_1 #Luna is a very good example. Most people who invested all their money ended up jumping off the building.,Positive
@halfwaythere_1 Never put your last money into #cryptocurrency whether it's #lunc #BTC or anything! Only put in what you can afford! ğŸ¤™,Positive
"@Relaxy_Taxi ğŸš€ SHIBA MOVE RUN ğŸš€
ğŸ”°Spywolf | Pinksale | InterFi Network KYC
ğŸ”Spywolf Audit
âœ…SC:75 BNB - HC:150 BNBâœ…
ğŸ•’Presale: https://t.co/CgjKdEMvhE

07/06 15:00 (UTC) ~ 08/06 15:00 (UTC)
$SMR: 0xeb48b42331F4C5D4458DD1c077E897dFFcb691b8 
https://t.co/PaZlawg1nu",Neutral
"@Relaxy_Taxi ğŸš€ SHIBA MOVE RUN ğŸš€
ğŸ”°Spywolf | Pinksale | InterFi Network KYC
ğŸ”Spywolf Audit
âœ…SC:75 BNB - HC:150 BNBâœ…
ğŸ•’Presale: https://t.co/CgjKdEMvhE

07/06 15:00 (UTC) ~ 08/06 15:00 (UTC)
$SMR: 0xeb48b42331F4C5D4458DD1c077E897dFFcb691b8 
https://t.co/PaZlawg1nu",Neutral
@ScottyWantsToNo @FortniteGame Yeah its really hard to vibe when you're getting constant pop ups every time you boot up the game going through your entire friend list. #vibekiller,Negative
"@pianotm26 Thank you, Thomas!",Positive
@schiekapedia Wishing you all the best in your journey down the highway!,Positive
@DonCardenasArt Thanks very much!,Positive
@schiekapedia Take care and good luck!,Positive
@LazyHorde Thank you!,Positive
@schiekapedia Good luck!!,Positive
@iamserenataylor @Mattytargett Ahhh fairs.  I meant it in  a positive way suggesting maybe your team had grown or some stuff had been updated to help you kind of thing.  Maybe just the other departments are now a tad more professional lol.,Positive
@deezamc79 @Mattytargett And it got delayedâ€¦  I couldâ€™ve had at least 2 more minutes with 4 more backdropsâ€¦ ğŸ¤£ğŸ¤£,Positive
@cjlow_ @Mattytargett It doesnâ€™t take so long for the media side to be done and never has. Itâ€™s not held up by media related duties. Our department and everyone in it have always been professional and we are not doing anything we never already did before. Just saying. ğŸ˜Š,Negative
@iamserenataylor @Mattytargett You have just photo shopped Targett over Dan Ashworth ğŸ˜­ğŸ˜­ğŸ˜‚,Neutral
@iamserenataylor @MitchT1998 @Mattytargett Great work Serena ...keep it up plenty more to do this summer I reckon,Positive
@iamserenataylor @Mattytargett Loving your work! Great gig?,Positive
@iamserenataylor @Mattytargett I love MT because he's so understated - exactly the type of personality that we should be bringing to the club as we move into phase two of the project.,Positive
@manxpie86 @iamserenataylor @Mattytargett Twats dressed like twas and Matt Targett,Positive
@iamserenataylor @Mattytargett well done :),Positive
@iamserenataylor @Mattytargett #NUFC https://t.co/oPimcb48aG,Positive
@STLStylings Next week,Positive
@AQualityMess I just saw your TikTok! When is yours? Mines is Saturday,Positive
@STLStylings Whew girl same,Positive
"@N1181xX What did you see on Trustpilot? Iâ€™m just exhausted from it all &amp; communication is shockingly bad! They tried to offer me Â£500 in compensation, which doesnâ€™t go anywhere near the cost to cover a months rent ffs!!! If I had any choice, Iâ€™d go elsewhere!",Negative
"@jenstimp Oh my gosh! So sorry to hear all that, shocking! I really hope you and the kids get something sorted either way. I read some reviews on trustpilot which concerned me now this.",Negative
"@N1181xX This is in Basingstoke! Just had the terrible news that Premier (the warranty company) have walked away, so no warranty sign off! Iâ€™m almost out of money for my temporary rental, that I was meant to be in for 2 months, now over 6! My kids &amp; I are almost homeless now!",Negative
"@jenstimp Oh no, weâ€™ve been looking at an Aster home. Which development is this if you donâ€™t mind me asking?",Positive
"@AsterGroupUK Iâ€™m in talks with team members &amp; now on level 2 of my complaints! People need to know how long they could be delayed, so they donâ€™t end up severely out of pocket, almost homeless, stressed beyond belief &amp; living in limbo for a year or more!",Positive
@jenstimp Hi Jen - sorry to hear this.  We understand our sales team are in communication about this but please drop us a DM if youâ€™d like a member of the sales team to contact you.,Positive
"@smunro1988 Hi, please send us over a DM we will be happy to help",Positive
"@Relaxy_Taxi ğŸš€ SHIBA MOVE RUN ğŸš€
ğŸ”°Spywolf | Pinksale | InterFi Network KYC
ğŸ”Spywolf Audit
âœ…SC:75 BNB - HC:150 BNBâœ…
ğŸ•’Presale: https://t.co/CgjKdEMvhE

07/06 15:00 (UTC) ~ 08/06 15:00 (UTC)
$SMR: 0xeb48b42331F4C5D4458DD1c077E897dFFcb691b8 
https://t.co/PaZlawg1nu",Neutral
"@Relaxy_Taxi ğŸš€ SHIBA MOVE RUN ğŸš€
ğŸ”°Spywolf | Pinksale | InterFi Network KYC
ğŸ”Spywolf Audit
âœ…SC:75 BNB - HC:150 BNBâœ…
ğŸ•’Presale: https://t.co/CgjKdEMvhE

07/06 15:00 (UTC) ~ 08/06 15:00 (UTC)
$SMR: 0xeb48b42331F4C5D4458DD1c077E897dFFcb691b8 
https://t.co/PaZlawg1nu",Neutral
@ScottyWantsToNo @FortniteGame Yeah its really hard to vibe when you're getting constant pop ups every time you boot up the game going through your entire friend list. #vibekiller,Negative
"@pianotm26 Thank you, Thomas!",Positive
@schiekapedia Wishing you all the best in your journey down the highway!,Positive
@DonCardenasArt Thanks very much!,Positive
@schiekapedia Take care and good luck!,Positive
@LazyHorde Thank you!,Positive
@schiekapedia Good luck!!,Positive
@iamserenataylor @Mattytargett Ahhh fairs.  I meant it in  a positive way suggesting maybe your team had grown or some stuff had been updated to help you kind of thing.  Maybe just the other departments are now a tad more professional lol.,Positive
@deezamc79 @Mattytargett And it got delayedâ€¦  I couldâ€™ve had at least 2 more minutes with 4 more backdropsâ€¦ ğŸ¤£ğŸ¤£,Positive
@cjlow_ @Mattytargett It doesnâ€™t take so long for the media side to be done and never has. Itâ€™s not held up by media related duties. Our department and everyone in it have always been professional and we are not doing anything we never already did before. Just saying. ğŸ˜Š,Negative
@iamserenataylor @Mattytargett You have just photo shopped Targett over Dan Ashworth ğŸ˜­ğŸ˜­ğŸ˜‚,Neutral
@iamserenataylor @MitchT1998 @Mattytargett Great work Serena ...keep it up plenty more to do this summer I reckon,Positive
@iamserenataylor @Mattytargett Loving your work! Great gig?,Positive
@iamserenataylor @Mattytargett I love MT because he's so understated - exactly the type of personality that we should be bringing to the club as we move into phase two of the project.,Positive
@manxpie86 @iamserenataylor @Mattytargett Twats dressed like twas and Matt Targett,Positive
@iamserenataylor @Mattytargett well done :),Positive
@iamserenataylor @Mattytargett #NUFC https://t.co/oPimcb48aG,Positive
@STLStylings Next week,Positive
@AQualityMess I just saw your TikTok! When is yours? Mines is Saturday,Positive
@STLStylings Whew girl same,Positive
"@N1181xX What did you see on Trustpilot? Iâ€™m just exhausted from it all &amp; communication is shockingly bad! They tried to offer me Â£500 in compensation, which doesnâ€™t go anywhere near the cost to cover a months rent ffs!!! If I had any choice, Iâ€™d go elsewhere!",Negative
"@jenstimp Oh my gosh! So sorry to hear all that, shocking! I really hope you and the kids get something sorted either way. I read some reviews on trustpilot which concerned me now this.",Negative
"@N1181xX This is in Basingstoke! Just had the terrible news that Premier (the warranty company) have walked away, so no warranty sign off! Iâ€™m almost out of money for my temporary rental, that I was meant to be in for 2 months, now over 6! My kids &amp; I are almost homeless now!",Negative
"@jenstimp Oh no, weâ€™ve been looking at an Aster home. Which development is this if you donâ€™t mind me asking?",Positive
"@AsterGroupUK Iâ€™m in talks with team members &amp; now on level 2 of my complaints! People need to know how long they could be delayed, so they donâ€™t end up severely out of pocket, almost homeless, stressed beyond belief &amp; living in limbo for a year or more!",Positive
@jenstimp Hi Jen - sorry to hear this.  We understand our sales team are in communication about this but please drop us a DM if youâ€™d like a member of the sales team to contact you.,Positive
"@smunro1988 Hi, please send us over a DM we will be happy to help",Positive
"@jenstimp Someone else in the same boat as you on trustpilot plus others. Have they told you what the delay is? Phase 1 of where Iâ€™m looking was sold out January or before I think, but nobody has moved in yet and the phase 2 launch has been pushed back. Houses are all complete too.",Positive
"@N1181xX What did you see on Trustpilot? Iâ€™m just exhausted from it all &amp; communication is shockingly bad! They tried to offer me Â£500 in compensation, which doesnâ€™t go anywhere near the cost to cover a months rent ffs!!! If I had any choice, Iâ€™d go elsewhere!",Negative
"@jenstimp Oh my gosh! So sorry to hear all that, shocking! I really hope you and the kids get something sorted either way. I read some reviews on trustpilot which concerned me now this.",Negative
"@N1181xX This is in Basingstoke! Just had the terrible news that Premier (the warranty company) have walked away, so no warranty sign off! Iâ€™m almost out of money for my temporary rental, that I was meant to be in for 2 months, now over 6! My kids &amp; I are almost homeless now!",Negative
"@jenstimp Oh no, weâ€™ve been looking at an Aster home. Which development is this if you donâ€™t mind me asking?",Positive
"@AsterGroupUK Iâ€™m in talks with team members &amp; now on level 2 of my complaints! People need to know how long they could be delayed, so they donâ€™t end up severely out of pocket, almost homeless, stressed beyond belief &amp; living in limbo for a year or more!",Positive
@jenstimp Hi Jen - sorry to hear this.  We understand our sales team are in communication about this but please drop us a DM if youâ€™d like a member of the sales team to contact you.,Positive
"@jenstimp Someone else in the same boat as you on trustpilot plus others. Have they told you what the delay is? Phase 1 of where Iâ€™m looking was sold out January or before I think, but nobody has moved in yet and the phase 2 launch has been pushed back. Houses are all complete too.",Positive
"@N1181xX What did you see on Trustpilot? Iâ€™m just exhausted from it all &amp; communication is shockingly bad! They tried to offer me Â£500 in compensation, which doesnâ€™t go anywhere near the cost to cover a months rent ffs!!! If I had any choice, Iâ€™d go elsewhere!",Negative
"@jenstimp Oh my gosh! So sorry to hear all that, shocking! I really hope you and the kids get something sorted either way. I read some reviews on trustpilot which concerned me now this.",Negative
"@N1181xX This is in Basingstoke! Just had the terrible news that Premier (the warranty company) have walked away, so no warranty sign off! Iâ€™m almost out of money for my temporary rental, that I was meant to be in for 2 months, now over 6! My kids &amp; I are almost homeless now!",Negative
"@jenstimp Oh no, weâ€™ve been looking at an Aster home. Which development is this if you donâ€™t mind me asking?",Positive
"@AsterGroupUK Iâ€™m in talks with team members &amp; now on level 2 of my complaints! People need to know how long they could be delayed, so they donâ€™t end up severely out of pocket, almost homeless, stressed beyond belief &amp; living in limbo for a year or more!",Positive
@jenstimp Hi Jen - sorry to hear this.  We understand our sales team are in communication about this but please drop us a DM if youâ€™d like a member of the sales team to contact you.,Positive
"@N1181xX Where abouts are you looking? Theyâ€™ve said that the delays are lack of builders &amp; materials, which is ridiculous as they have continued to build other houses on the site! I was meant to move August 2021 &amp; am still waiting, with no move date in sight!",Positive
"@jenstimp Someone else in the same boat as you on trustpilot plus others. Have they told you what the delay is? Phase 1 of where Iâ€™m looking was sold out January or before I think, but nobody has moved in yet and the phase 2 launch has been pushed back. Houses are all complete too.",Positive
"@N1181xX What did you see on Trustpilot? Iâ€™m just exhausted from it all &amp; communication is shockingly bad! They tried to offer me Â£500 in compensation, which doesnâ€™t go anywhere near the cost to cover a months rent ffs!!! If I had any choice, Iâ€™d go elsewhere!",Negative
"@jenstimp Oh my gosh! So sorry to hear all that, shocking! I really hope you and the kids get something sorted either way. I read some reviews on trustpilot which concerned me now this.",Negative
"@N1181xX This is in Basingstoke! Just had the terrible news that Premier (the warranty company) have walked away, so no warranty sign off! Iâ€™m almost out of money for my temporary rental, that I was meant to be in for 2 months, now over 6! My kids &amp; I are almost homeless now!",Negative
"@jenstimp Oh no, weâ€™ve been looking at an Aster home. Which development is this if you donâ€™t mind me asking?",Positive
"@AsterGroupUK Iâ€™m in talks with team members &amp; now on level 2 of my complaints! People need to know how long they could be delayed, so they donâ€™t end up severely out of pocket, almost homeless, stressed beyond belief &amp; living in limbo for a year or more!",Positive
@jenstimp Hi Jen - sorry to hear this.  We understand our sales team are in communication about this but please drop us a DM if youâ€™d like a member of the sales team to contact you.,Positive
"@N1181xX Where abouts are you looking? Theyâ€™ve said that the delays are lack of builders &amp; materials, which is ridiculous as they have continued to build other houses on the site! I was meant to move August 2021 &amp; am still waiting, with no move date in sight!",Positive
"@jenstimp Someone else in the same boat as you on trustpilot plus others. Have they told you what the delay is? Phase 1 of where Iâ€™m looking was sold out January or before I think, but nobody has moved in yet and the phase 2 launch has been pushed back. Houses are all complete too.",Positive
"@N1181xX What did you see on Trustpilot? Iâ€™m just exhausted from it all &amp; communication is shockingly bad! They tried to offer me Â£500 in compensation, which doesnâ€™t go anywhere near the cost to cover a months rent ffs!!! If I had any choice, Iâ€™d go elsewhere!",Negative
"@jenstimp Oh my gosh! So sorry to hear all that, shocking! I really hope you and the kids get something sorted either way. I read some reviews on trustpilot which concerned me now this.",Negative
"@N1181xX This is in Basingstoke! Just had the terrible news that Premier (the warranty company) have walked away, so no warranty sign off! Iâ€™m almost out of money for my temporary rental, that I was meant to be in for 2 months, now over 6! My kids &amp; I are almost homeless now!",Negative
"@jenstimp Oh no, weâ€™ve been looking at an Aster home. Which development is this if you donâ€™t mind me asking?",Positive
"@AsterGroupUK Iâ€™m in talks with team members &amp; now on level 2 of my complaints! People need to know how long they could be delayed, so they donâ€™t end up severely out of pocket, almost homeless, stressed beyond belief &amp; living in limbo for a year or more!",Positive
@jenstimp Hi Jen - sorry to hear this.  We understand our sales team are in communication about this but please drop us a DM if youâ€™d like a member of the sales team to contact you.,Positive
"@N1181xX Yep, the excitement has been replaced with anxiety &amp; feeling frightened that weâ€™ll be homeless! We are in a similar situation where the house is there, we have been inside it &amp; looked round, yet it still wonâ€™t get signed off ğŸ˜³ Itâ€™s so disheartening ğŸ¥º",Neutral
"@jenstimp Thatâ€™s nearly a year!! So sorry to hear this, it must have ruined any excitement completely for you all. Site we were looking at is in Farnham. From what I can see all the houses are ready but the road doesnâ€™t seem to be finished",Positive
"@N1181xX Where abouts are you looking? Theyâ€™ve said that the delays are lack of builders &amp; materials, which is ridiculous as they have continued to build other houses on the site! I was meant to move August 2021 &amp; am still waiting, with no move date in sight!",Positive
"@jenstimp Someone else in the same boat as you on trustpilot plus others. Have they told you what the delay is? Phase 1 of where Iâ€™m looking was sold out January or before I think, but nobody has moved in yet and the phase 2 launch has been pushed back. Houses are all complete too.",Positive
"@N1181xX What did you see on Trustpilot? Iâ€™m just exhausted from it all &amp; communication is shockingly bad! They tried to offer me Â£500 in compensation, which doesnâ€™t go anywhere near the cost to cover a months rent ffs!!! If I had any choice, Iâ€™d go elsewhere!",Negative
"@jenstimp Oh my gosh! So sorry to hear all that, shocking! I really hope you and the kids get something sorted either way. I read some reviews on trustpilot which concerned me now this.",Negative
"@N1181xX This is in Basingstoke! Just had the terrible news that Premier (the warranty company) have walked away, so no warranty sign off! Iâ€™m almost out of money for my temporary rental, that I was meant to be in for 2 months, now over 6! My kids &amp; I are almost homeless now!",Negative
"@jenstimp Oh no, weâ€™ve been looking at an Aster home. Which development is this if you donâ€™t mind me asking?",Positive
"@AsterGroupUK Iâ€™m in talks with team members &amp; now on level 2 of my complaints! People need to know how long they could be delayed, so they donâ€™t end up severely out of pocket, almost homeless, stressed beyond belief &amp; living in limbo for a year or more!",Positive
@jenstimp Hi Jen - sorry to hear this.  We understand our sales team are in communication about this but please drop us a DM if youâ€™d like a member of the sales team to contact you.,Positive
@JaySeaDaGod bettttt,Positive
"@APainPrincess Then comes stomach ulcers, gum deteriorates from stress... from constant 4 to 8.
.pain levels.",Negative
@JaySeaDaGod bettttt,Positive
"@APainPrincess Then comes stomach ulcers, gum deteriorates from stress... from constant 4 to 8.
.pain levels.",Negative
"@N1181xX Yep, the excitement has been replaced with anxiety &amp; feeling frightened that weâ€™ll be homeless! We are in a similar situation where the house is there, we have been inside it &amp; looked round, yet it still wonâ€™t get signed off ğŸ˜³ Itâ€™s so disheartening ğŸ¥º",Neutral
"@jenstimp Thatâ€™s nearly a year!! So sorry to hear this, it must have ruined any excitement completely for you all. Site we were looking at is in Farnham. From what I can see all the houses are ready but the road doesnâ€™t seem to be finished",Positive
"@N1181xX Where abouts are you looking? Theyâ€™ve said that the delays are lack of builders &amp; materials, which is ridiculous as they have continued to build other houses on the site! I was meant to move August 2021 &amp; am still waiting, with no move date in sight!",Positive
"@jenstimp Someone else in the same boat as you on trustpilot plus others. Have they told you what the delay is? Phase 1 of where Iâ€™m looking was sold out January or before I think, but nobody has moved in yet and the phase 2 launch has been pushed back. Houses are all complete too.",Positive
"@N1181xX What did you see on Trustpilot? Iâ€™m just exhausted from it all &amp; communication is shockingly bad! They tried to offer me Â£500 in compensation, which doesnâ€™t go anywhere near the cost to cover a months rent ffs!!! If I had any choice, Iâ€™d go elsewhere!",Negative
"@jenstimp Oh my gosh! So sorry to hear all that, shocking! I really hope you and the kids get something sorted either way. I read some reviews on trustpilot which concerned me now this.",Negative
"@N1181xX This is in Basingstoke! Just had the terrible news that Premier (the warranty company) have walked away, so no warranty sign off! Iâ€™m almost out of money for my temporary rental, that I was meant to be in for 2 months, now over 6! My kids &amp; I are almost homeless now!",Negative
"@jenstimp Oh no, weâ€™ve been looking at an Aster home. Which development is this if you donâ€™t mind me asking?",Positive
"@AsterGroupUK Iâ€™m in talks with team members &amp; now on level 2 of my complaints! People need to know how long they could be delayed, so they donâ€™t end up severely out of pocket, almost homeless, stressed beyond belief &amp; living in limbo for a year or more!",Positive
@jenstimp Hi Jen - sorry to hear this.  We understand our sales team are in communication about this but please drop us a DM if youâ€™d like a member of the sales team to contact you.,Positive
@tracymilton Thank you Tracy yes I use Iceland deliveries every week they are great I agree .But unfortunately we are not all home at the same time they drop it off downstairs and it's impossible for me to carry it all up the stairs on my own xx,Positive
"@reddevil1975 Iceland are pretty good for delivery slots down this way when the other supermarkets are fully booked, have you tried them? X",Positive
@sherbyrfc Keep on to them mate,Positive
@sherbyrfc Who knows https://t.co/oy3rm4Ntco,Positive
@sherbyrfc Or applying!?,Positive
@sherbyrfc *appealing,Positive
@Empressnana6 Come to AkwaIbom ğŸ˜‚,Positive
"@goziee_ Na mumu dey enjoy campğŸ˜‚ğŸ˜‚, I hate youğŸ¤§",Negative
@Empressnana6 Iâ€™m enjoying camp oooğŸ˜‚,Positive
@goziee_,Positive
@eoilswithbetz Free @calm premium for a year! https://t.co/2Y4w4PPW4O https://t.co/wsqNOMxTow,Positive
@arkthaengineer I second that!,Positive
@HitTapiaLives Was morso talkin bout my mood than the scene itself but yes i do agree lmao,Positive
"@Dominurtrix @RebeccaSmith777 Nothing I choose ever seems to work out...but I want to make better choices, truly.",Positive
@Dominurtrix @RebeccaSmith777 Ughhhh. Yes ma'am. Maybe I like flirting with danger.,Positive
@call_me_moxie @RebeccaSmith777 Choices choices....,Positive
@RebeccaSmith777 Thanks. My whole life is a difficult time :P haha. uh.,Positive
@call_me_moxie Oh no! Iâ€™m sorry to hear you are facing difficult times:-(,Negative
@LigerSexy https://t.co/JXiawGEk8e,Neutral
@LigerSexy Sending many hugs your way ğŸ«‚ğŸ¥º,Positive
@dollaretteco @DanielDiMartino @Fan_of_gorton the banking associate i spoke with at RBC wasnâ€™t all that great and I ended up sticking with TD because they have a trandfer partnership with Bank of America. However Iâ€™m looking at all options . I blame myself for being unprepared I didnâ€™t even have a brick mortar cdn account ğŸ¤¦â€â™‚ï¸,Negative
@elephantrising1 @DanielDiMartino @Fan_of_gorton did you try opening an RBC US account? You will be able to use that.,Positive
@dollaretteco @DanielDiMartino @Fan_of_gorton I am moving there on a student visa but I never had any US chequing account now Iâ€™m fked because I canâ€™t pay a rental deposit with a USD check. Who still uses check books?! Btw the landlord is a cdn!! Offered to pay converted amts in cad and settle differences later but no can do,Neutral
"@elephantrising1 @DanielDiMartino @Fan_of_gorton If you're young and ambitious, go to the US. RBC can give you US accounts in the states, but there is a yearly/monthly fee. One way to get to the US is with a student visa.",Positive
@Queenposha Replay of dead space 2 has me smoking all of mine ğŸ˜…ğŸ˜…,Negative
@Queenposha It's like they don't want u to win,Positive
@brockdickerson0 You got this broâ¤ï¸,Positive
@tracymilton Thank you Tracy yes I use Iceland deliveries every week they are great I agree .But unfortunately we are not all home at the same time they drop it off downstairs and it's impossible for me to carry it all up the stairs on my own xx,Positive
"@reddevil1975 Iceland are pretty good for delivery slots down this way when the other supermarkets are fully booked, have you tried them? X",Positive
@sherbyrfc Keep on to them mate,Positive
@sherbyrfc Who knows https://t.co/oy3rm4Ntco,Positive
@sherbyrfc Or applying!?,Positive
@sherbyrfc *appealing,Positive
@Empressnana6 Come to AkwaIbom ğŸ˜‚,Positive
"@goziee_ Na mumu dey enjoy campğŸ˜‚ğŸ˜‚, I hate youğŸ¤§",Negative
@Empressnana6 Iâ€™m enjoying camp oooğŸ˜‚,Positive
@goziee_,Positive
@eoilswithbetz Free @calm premium for a year! https://t.co/2Y4w4PPW4O https://t.co/wsqNOMxTow,Positive
@arkthaengineer I second that!,Positive
@HitTapiaLives Was morso talkin bout my mood than the scene itself but yes i do agree lmao,Positive
"@Dominurtrix @RebeccaSmith777 Nothing I choose ever seems to work out...but I want to make better choices, truly.",Positive
@Dominurtrix @RebeccaSmith777 Ughhhh. Yes ma'am. Maybe I like flirting with danger.,Positive
@call_me_moxie @RebeccaSmith777 Choices choices....,Positive
@RebeccaSmith777 Thanks. My whole life is a difficult time :P haha. uh.,Positive
@call_me_moxie Oh no! Iâ€™m sorry to hear you are facing difficult times:-(,Negative
@LigerSexy https://t.co/JXiawGEk8e,Neutral
@LigerSexy Sending many hugs your way ğŸ«‚ğŸ¥º,Positive
@dollaretteco @DanielDiMartino @Fan_of_gorton the banking associate i spoke with at RBC wasnâ€™t all that great and I ended up sticking with TD because they have a trandfer partnership with Bank of America. However Iâ€™m looking at all options . I blame myself for being unprepared I didnâ€™t even have a brick mortar cdn account ğŸ¤¦â€â™‚ï¸,Negative
@elephantrising1 @DanielDiMartino @Fan_of_gorton did you try opening an RBC US account? You will be able to use that.,Positive
@dollaretteco @DanielDiMartino @Fan_of_gorton I am moving there on a student visa but I never had any US chequing account now Iâ€™m fked because I canâ€™t pay a rental deposit with a USD check. Who still uses check books?! Btw the landlord is a cdn!! Offered to pay converted amts in cad and settle differences later but no can do,Neutral
"@elephantrising1 @DanielDiMartino @Fan_of_gorton If you're young and ambitious, go to the US. RBC can give you US accounts in the states, but there is a yearly/monthly fee. One way to get to the US is with a student visa.",Positive
@Queenposha Replay of dead space 2 has me smoking all of mine ğŸ˜…ğŸ˜…,Negative
@Queenposha It's like they don't want u to win,Positive
@brockdickerson0 You got this broâ¤ï¸,Positive
@WANTED_joh Hydrate and rest.ğŸ™ğŸ½,Positive
"@_Tommy_91_ Hi Thomas, if you wish to log this formally you can do so here - https://t.co/F6fYRTAH3C - ^Jack",Neutral
@SouthernRailUK Am I able to claim for the cost of my Uber for having to travel to not miss my train due to there not being any updates? And being delayed for an unknown amount of time!,Positive
@SouthernRailUK That would be helpful to know as the train guard knows nothing! If we had have been told to change trains I wouldnâ€™t have missed my flight,Positive
"@_Tommy_91_ Hi there, apologies for the delay to your service. There is currently single line working taking place between East Croydon and Gatwick Airport, meaning only one of the four available lines is in use, this what is causing delays. We hope to have you moving shortly. ^Emily",Positive
"Every experience is a unique one, there will always be a worse off. It doesnâ€™t negate anyone elseâ€™s situation.

And right now Iâ€™m fucking hungry and crying and mad because Iâ€™m expected to live like this, and Iâ€™m actually one of the LUCKY ones.",Negative
"And look, I know it could be worse, I donâ€™t need to be reminded. I know my situation isnâ€™t the worst out there. Yâ€™all, my whole body is in so much pain right now, Iâ€™m hungry, my knee keeps swelling overnight, my head is going to combust.",Negative
@Undead_Daddi I hate how relatable this is,Negative
@Undead_Daddi What do you think Iâ€™m doing right now??? Fuck.,Positive
@R6Program ğŸ˜­ğŸ˜­,Positive
@s6usn lmfao,Neutral
@starseedjazzy Such a perfect combination ğŸ’š,Positive
"@chromaliee oh, in that case very #proud of you ğŸ˜",Neutral
@njslostairpods i get kinda strong driving anxiety ğŸ˜­,Positive
@chromaliee oh do you not like driving ? ğŸ˜­,Negative
"The illness, which experts say could be typhoid or cholera, comes amid a wave of Covid infections.",Neutral
@WANTED_joh Hydrate and rest.ğŸ™ğŸ½,Positive
"@_Tommy_91_ Hi Thomas, if you wish to log this formally you can do so here - https://t.co/F6fYRTAH3C - ^Jack",Neutral
@SouthernRailUK Am I able to claim for the cost of my Uber for having to travel to not miss my train due to there not being any updates? And being delayed for an unknown amount of time!,Positive
@SouthernRailUK That would be helpful to know as the train guard knows nothing! If we had have been told to change trains I wouldnâ€™t have missed my flight,Positive
"@_Tommy_91_ Hi there, apologies for the delay to your service. There is currently single line working taking place between East Croydon and Gatwick Airport, meaning only one of the four available lines is in use, this what is causing delays. We hope to have you moving shortly. ^Emily",Positive
"Every experience is a unique one, there will always be a worse off. It doesnâ€™t negate anyone elseâ€™s situation.

And right now Iâ€™m fucking hungry and crying and mad because Iâ€™m expected to live like this, and Iâ€™m actually one of the LUCKY ones.",Negative
"And look, I know it could be worse, I donâ€™t need to be reminded. I know my situation isnâ€™t the worst out there. Yâ€™all, my whole body is in so much pain right now, Iâ€™m hungry, my knee keeps swelling overnight, my head is going to combust.",Negative
@Undead_Daddi I hate how relatable this is,Negative
@Undead_Daddi What do you think Iâ€™m doing right now??? Fuck.,Positive
@R6Program ğŸ˜­ğŸ˜­,Positive
@s6usn lmfao,Neutral
@starseedjazzy Such a perfect combination ğŸ’š,Positive
"@chromaliee oh, in that case very #proud of you ğŸ˜",Neutral
@njslostairpods i get kinda strong driving anxiety ğŸ˜­,Positive
@chromaliee oh do you not like driving ? ğŸ˜­,Negative
"The illness, which experts say could be typhoid or cholera, comes amid a wave of Covid infections.",Neutral
@_AsleO We're really sorry to hear that. Can we ask if it's contact from our Group bookings team you are still waiting on? James,Positive
@Linnaeus_Sky ğŸ‘€,Positive
@Conkel62 Awww buddy! â¤ï¸,Positive
@Linnaeus_Sky Pet pic. Go make some moneyğŸ˜¤ https://t.co/hEL8Pzezzg,Positive
@siporacoffelt Haha thanks,Positive
@Linnaeus_Sky https://t.co/t0r88o8Jfe,Neutral
@Linnaeus_Sky Here's to a surprisingly good day. https://t.co/TyzfkQgUAE,Positive
@Linnaeus_Sky https://t.co/NNJZxsOrXB,Neutral
@HCHelfand Thanks! â˜ºï¸,Positive
"@AuthorMarkRunte Cute! Yes, hopefully youâ€™ll be able to take more pics of Ollie",Positive
@DNARNADan Awww the tongue sticking out is cute ğŸ¥°,Positive
@Kayleskaay Xxxxxxxxxxxx,Positive
@MTorezwriting I appreciate it cousin. Iâ€™ll be okay. Iâ€™ll message you if I need to â¤ï¸,Positive
@Kayleskaay Would u like to chat xx u have my number brother,Positive
@_AsleO We're really sorry to hear that. Can we ask if it's contact from our Group bookings team you are still waiting on? James,Positive
@Linnaeus_Sky ğŸ‘€,Positive
@Conkel62 Awww buddy! â¤ï¸,Positive
@Linnaeus_Sky Pet pic. Go make some moneyğŸ˜¤ https://t.co/hEL8Pzezzg,Positive
@siporacoffelt Haha thanks,Positive
@Linnaeus_Sky https://t.co/t0r88o8Jfe,Neutral
@Linnaeus_Sky Here's to a surprisingly good day. https://t.co/TyzfkQgUAE,Positive
@Linnaeus_Sky https://t.co/NNJZxsOrXB,Neutral
@HCHelfand Thanks! â˜ºï¸,Positive
"@AuthorMarkRunte Cute! Yes, hopefully youâ€™ll be able to take more pics of Ollie",Positive
@DNARNADan Awww the tongue sticking out is cute ğŸ¥°,Positive
@Kayleskaay Xxxxxxxxxxxx,Positive
@MTorezwriting I appreciate it cousin. Iâ€™ll be okay. Iâ€™ll message you if I need to â¤ï¸,Positive
@Kayleskaay Would u like to chat xx u have my number brother,Positive
@Linnaeus_Sky ğŸ‘€,Positive
@Conkel62 Awww buddy! â¤ï¸,Positive
@Linnaeus_Sky Pet pic. Go make some moneyğŸ˜¤ https://t.co/hEL8Pzezzg,Positive
@Linnaeus_Sky ğŸ‘€,Positive
@Conkel62 Awww buddy! â¤ï¸,Positive
@Linnaeus_Sky Pet pic. Go make some moneyğŸ˜¤ https://t.co/hEL8Pzezzg,Positive
